Var1,Var2,Quantile,Chi_Upper,Chi_Bar_Lower,P_Both_Upper,P_Both_Lower,Expected_Indep,N_Both_Upper,N_Both_Lower,Upper_TD_Ratio,Lower_TD_Ratio
Boston_Temp,Boston_Load,0.9,1.136544954676301,1.3055005202689745,0.0696895922093731,0.0,0.009999999999999995,229,0,6.968959220937313,0.0
Boston_Temp,Boston_Load,0.95,1.1079055011997732,1.2388121065542501,0.036518563603164945,0.0,0.0025000000000000044,120,0,14.607425441265953,0.0
Boston_Temp,Boston_Load,0.99,1.0954513084994466,1.1579206768035966,0.005173463177115033,0.0,0.00010000000000000018,17,0,51.73463177115024,0.0
Boston_Temp,NewYork_Temp,0.9,1.1096728082759997,1.0710434059198686,0.07821059038344491,0.08825319537431528,0.009999999999999995,257,290,7.821059038344495,8.825319537431533
Boston_Temp,NewYork_Temp,0.95,1.1264949146637881,1.0605894275990928,0.03804017041996348,0.04412659768715764,0.0025000000000000044,125,145,15.216068167985364,17.650639074863026
Boston_Temp,NewYork_Temp,0.99,1.1157602339535786,1.0584004482402718,0.005477784540474742,0.007608034083992696,0.00010000000000000018,18,25,54.77784540474732,76.08034083992682
Boston_Temp,NewYork_Load,0.9,1.129736167124027,1.3048459693057302,0.07181984175289105,0.00030432136335970786,0.009999999999999995,236,1,7.1819841752891085,0.030432136335970802
Boston_Temp,NewYork_Load,0.95,1.119467114020957,1.2388121065542501,0.03408399269628728,0.0,0.0025000000000000044,112,0,13.633597078514887,0.0
Boston_Temp,NewYork_Load,0.99,1.1078631003619628,1.1579206768035966,0.00426049908703591,0.0,0.00010000000000000018,14,0,42.60499087035902,0.0
Boston_Temp,Chicago_Temp,0.9,1.2260575722056553,1.1708614021155914,0.04990870359099209,0.055690809494826535,0.009999999999999995,164,183,4.990870359099211,5.5690809494826565
Boston_Temp,Chicago_Temp,0.95,1.2183266489858113,1.144103485980793,0.01978088861838101,0.02525867315885575,0.0025000000000000044,65,83,7.91235544735239,10.103469263542282
Boston_Temp,Chicago_Temp,0.99,1.1849115830367194,1.148122898771906,0.0006086427267194157,0.0018259281801582471,0.00010000000000000018,2,6,6.086427267194146,18.25928180158244
Boston_Temp,Chicago_Load,0.9,1.2116862229221856,1.304190430340657,0.04382227632379793,0.0006086427267194157,0.009999999999999995,144,2,4.382227632379795,0.060864272671941604
Boston_Temp,Chicago_Load,0.95,1.1850291465195044,1.2388121065542501,0.01856360316494218,0.0,0.0025000000000000044,61,0,7.4254412659768585,0.0
Boston_Temp,Chicago_Load,0.99,1.1413364951772693,1.1579206768035966,0.0015216068167985392,0.0,0.00010000000000000018,5,0,15.216068167985364,0.0
Boston_Temp,Minneapolis_Temp,0.9,1.2346115448842996,1.190050223237716,0.034996956786366405,0.047778454047474134,0.009999999999999995,115,157,3.4996956786366424,4.777845404747416
Boston_Temp,Minneapolis_Temp,0.95,1.2204327014020975,1.1779516757328876,0.010346926354230066,0.017650639074863056,0.0025000000000000044,34,58,4.138770541692019,7.06025562994521
Boston_Temp,Minneapolis_Temp,0.99,1.148122898771906,1.1514381882214129,0.0009129640900791236,0.0018259281801582471,0.00010000000000000018,3,6,9.12964090079122,18.25928180158244
Boston_Temp,Minneapolis_Load,0.9,1.2607592632902684,1.3055005202689745,0.024345709068776627,0.0,0.009999999999999995,80,0,2.434570906877664,0.0
Boston_Temp,Minneapolis_Load,0.95,1.2183266489858113,1.2388121065542501,0.009433962264150943,0.0,0.0025000000000000044,31,0,3.7735849056603707,0.0
Boston_Temp,Minneapolis_Load,0.99,1.1514381882214129,1.1579206768035966,0.0006086427267194157,0.0,0.00010000000000000018,2,0,6.086427267194146,0.0
Boston_Load,NewYork_Temp,0.9,1.1316924518818887,1.3100549610699492,0.06512477175897748,0.0,0.009999999999999995,214,0,6.512477175897751,0.0
Boston_Load,NewYork_Temp,0.95,1.125101141446021,1.2388121065542501,0.03317102860620816,0.0,0.0025000000000000044,109,0,13.26841144248324,0.0
Boston_Load,NewYork_Temp,0.99,1.1196036482867242,1.1514381882214129,0.004564820450395618,0.0,0.00010000000000000018,15,0,45.6482045039561,0.0
Boston_Load,NewYork_Load,0.9,1.1013805376130499,1.1013805376130499,0.073950091296409,0.073950091296409,0.009999999999999995,243,243,7.395009129640904,7.395009129640904
Boston_Load,NewYork_Load,0.95,1.0755014544333852,1.0959290345503225,0.03773584905660377,0.03377967133292757,0.0025000000000000044,124,111,15.094339622641483,13.511868533171006
Boston_Load,NewYork_Load,0.99,1.0954513084994466,1.0954513084994466,0.004564820450395618,0.004564820450395618,0.00010000000000000018,15,15,45.6482045039561,45.6482045039561
Boston_Load,Chicago_Temp,0.9,1.2353808887203956,1.3055005202689745,0.039866098600121726,0.0,0.009999999999999995,131,0,3.9866098600121744,0.0
Boston_Load,Chicago_Temp,0.95,1.2204327014020975,1.2327973816531819,0.01399878271454656,0.0,0.0025000000000000044,46,0,5.599513085818614,0.0
Boston_Load,Chicago_Temp,0.99,1.1791968521463283,1.161090765819106,0.0006086427267194157,0.0,0.00010000000000000018,2,0,6.086427267194146,0.0
Boston_Load,Chicago_Load,0.9,1.1699687101632503,1.161850819941071,0.05234327449786975,0.05508216676810712,0.009999999999999995,172,181,5.234327449786977,5.508216676810715
Boston_Load,Chicago_Load,0.95,1.164573236036785,1.1360917045838295,0.01856360316494218,0.02525867315885575,0.0025000000000000044,61,83,7.4254412659768585,10.103469263542282
Boston_Load,Chicago_Load,0.99,1.1378620651996054,1.1307418456423002,0.0012172854534388314,0.0018259281801582471,0.00010000000000000018,4,6,12.172854534388293,18.25928180158244
Boston_Load,Minneapolis_Temp,0.9,1.2361488720892286,1.3028763764428257,0.02799756542909312,0.0,0.009999999999999995,92,0,2.7997565429093134,0.0
Boston_Load,Minneapolis_Temp,0.95,1.2151424448661814,1.2348143557697622,0.006695069993913573,0.0,0.0025000000000000044,22,0,2.678027997565424,0.0
Boston_Load,Minneapolis_Temp,0.99,1.148122898771906,1.164215240457607,0.00030432136335970786,0.0,0.00010000000000000018,1,0,3.043213633597073,0.0
Boston_Load,Minneapolis_Load,0.9,1.225271518630156,1.1726413000245774,0.03225806451612903,0.05143031040779063,0.009999999999999995,106,169,3.225806451612905,5.143031040779065
Boston_Load,Minneapolis_Load,0.95,1.2032000648741135,1.1682753982066376,0.00852099817407182,0.017650639074863056,0.0025000000000000044,28,58,3.4083992696287218,7.06025562994521
Boston_Load,Minneapolis_Load,0.99,1.148122898771906,1.1196036482867242,0.00030432136335970786,0.002738892270237371,0.00010000000000000018,1,9,3.043213633597073,27.38892270237366
NewYork_Temp,NewYork_Load,0.9,1.0886374870420665,1.3100549610699492,0.07790626902008521,0.0,0.009999999999999995,256,0,7.790626902008525,0.0
NewYork_Temp,NewYork_Load,0.95,1.100470712782349,1.2388121065542501,0.03834449178332319,0.0,0.0025000000000000044,126,0,15.33779671332925,0.0
NewYork_Temp,NewYork_Load,0.99,1.1157602339535786,1.1514381882214129,0.004869141813755326,0.0,0.00010000000000000018,16,0,48.69141813755317,0.0
NewYork_Temp,Chicago_Temp,0.9,1.2001701642004816,1.1581935816387685,0.05356055995130858,0.0620815581253804,0.009999999999999995,176,204,5.356055995130861,6.208155812538044
NewYork_Temp,Chicago_Temp,0.95,1.2108490326157106,1.1360917045838295,0.022215459525258673,0.027084601339013997,0.0025000000000000044,73,89,8.886183810103454,10.83384053560558
NewYork_Temp,Chicago_Temp,0.99,1.1932112139464501,1.1343311379558618,0.0009129640900791236,0.002434570906877663,0.00010000000000000018,3,8,9.12964090079122,24.345709068776586
NewYork_Temp,Chicago_Load,0.9,1.1849004259568847,1.3100549610699492,0.04747413268411443,0.0,0.009999999999999995,156,0,4.747413268411445,0.0
NewYork_Temp,Chicago_Load,0.95,1.1767573696263414,1.2388121065542501,0.020998174071819843,0.0,0.0025000000000000044,69,0,8.399269628727923,0.0
NewYork_Temp,Chicago_Load,0.99,1.1514381882214129,1.1514381882214129,0.0018259281801582471,0.0,0.00010000000000000018,6,0,18.25928180158244,0.0
NewYork_Temp,Minneapolis_Temp,0.9,1.2124972305937272,1.182302445236976,0.037431527693244065,0.05264759586122946,0.009999999999999995,123,173,3.7431527693244084,5.264759586122949
NewYork_Temp,Minneapolis_Temp,0.95,1.2151424448661814,1.1743558614216403,0.012172854534388313,0.01856360316494218,0.0025000000000000044,40,61,4.869141813755316,7.4254412659768585
NewYork_Temp,Minneapolis_Temp,0.99,1.164215240457607,1.1413364951772693,0.0006086427267194157,0.002130249543517955,0.00010000000000000018,2,7,6.086427267194146,21.30249543517951
NewYork_Temp,Minneapolis_Load,0.9,1.2384447072960283,1.3100549610699492,0.027388922702373707,0.0,0.009999999999999995,90,0,2.738892270237372,0.0
NewYork_Temp,Minneapolis_Load,0.95,1.2193813361213277,1.2388121065542501,0.009433962264150943,0.0,0.0025000000000000044,31,0,3.7735849056603707,0.0
NewYork_Temp,Minneapolis_Load,0.99,1.167295394810016,1.1514381882214129,0.00030432136335970786,0.0,0.00010000000000000018,1,0,3.043213633597073,0.0
NewYork_Load,Chicago_Temp,0.9,1.2100596499275293,1.3048459693057302,0.04960438222763238,0.00030432136335970786,0.009999999999999995,163,1,4.960438222763241,0.030432136335970802
NewYork_Load,Chicago_Temp,0.95,1.2162072247185933,1.2327973816531819,0.015216068167985392,0.0,0.0025000000000000044,50,0,6.086427267194146,0.0
NewYork_Load,Chicago_Temp,0.99,1.1791968521463283,1.161090765819106,0.0006086427267194157,0.0,0.00010000000000000018,2,0,6.086427267194146,0.0
NewYork_Load,Chicago_Load,0.9,1.1699687101632503,1.1432486409708074,0.05234327449786975,0.061168594035301276,0.009999999999999995,172,201,5.234327449786977,6.116859403530131
NewYork_Load,Chicago_Load,0.95,1.1544952419030408,1.115178298698149,0.020998174071819843,0.02982349360925137,0.0025000000000000044,69,98,8.399269628727923,11.929397443700527
NewYork_Load,Chicago_Load,0.99,1.1233802172319471,1.1270922262715506,0.002434570906877663,0.002130249543517955,0.00010000000000000018,8,7,24.345709068776586,21.30249543517951
NewYork_Load,Minneapolis_Temp,0.9,1.2108736979295136,1.3015583345149127,0.03773584905660377,0.0006086427267194157,0.009999999999999995,124,2,3.773584905660379,0.060864272671941604
NewYork_Load,Minneapolis_Temp,0.95,1.2097669953613182,1.2348143557697622,0.008216676810712111,0.0,0.0025000000000000044,27,0,3.2866707242848388,0.0
NewYork_Load,Minneapolis_Temp,0.99,1.1514381882214129,1.164215240457607,0.0,0.0,0.00010000000000000018,0,0,0.0,0.0
NewYork_Load,Minneapolis_Load,0.9,1.2307442487873805,1.1805617836606748,0.030127814972611078,0.048691418137553254,0.009999999999999995,99,160,3.012781497261109,4.869141813755328
NewYork_Load,Minneapolis_Load,0.95,1.2009820620247513,1.173148597173725,0.009129640900791236,0.016433353621424222,0.0025000000000000044,30,54,3.651856360316488,6.5733414485696775
NewYork_Load,Minneapolis_Load,0.99,1.1514381882214129,1.1307418456423002,0.0,0.0018259281801582471,0.00010000000000000018,0,6,0.0,18.25928180158244
Chicago_Temp,Chicago_Load,0.9,1.1744139330239256,1.3055005202689745,0.06238587948874011,0.0,0.009999999999999995,205,0,6.238587948874014,0.0
Chicago_Temp,Chicago_Load,0.95,1.1658118578686798,1.2327973816531819,0.028606208155812538,0.0,0.0025000000000000044,94,0,11.442483262324995,0.0
Chicago_Temp,Chicago_Load,0.99,1.1547036218008917,1.161090765819106,0.0030432136335970784,0.0,0.00010000000000000018,10,0,30.43213633597073,0.0
Chicago_Temp,Minneapolis_Temp,0.9,1.1726413000245774,1.0886374870420665,0.06299452221545952,0.08003651856360317,0.009999999999999995,207,263,6.299452221545955,8.003651856360321
Chicago_Temp,Minneapolis_Temp,0.95,1.1826866232170727,1.088219495550948,0.025867315885575167,0.035909920876445525,0.0025000000000000044,85,118,10.346926354230048,14.363968350578185
Chicago_Temp,Minneapolis_Temp,0.99,1.1703324686661127,1.1196036482867242,0.0015216068167985392,0.004869141813755326,0.00010000000000000018,5,16,15.216068167985364,48.69141813755317
Chicago_Temp,Minneapolis_Load,0.9,1.229187636074686,1.3055005202689745,0.04230066950699939,0.0,0.009999999999999995,139,0,4.230066950699942,0.0
Chicago_Temp,Minneapolis_Load,0.95,1.2054034273339775,1.2327973816531819,0.018259281801582473,0.0,0.0025000000000000044,60,0,7.303712720632976,0.0
Chicago_Temp,Minneapolis_Load,0.99,1.167295394810016,1.161090765819106,0.0018259281801582471,0.0,0.00010000000000000018,6,0,18.25928180158244,0.0
Chicago_Load,Minneapolis_Temp,0.9,1.1959821425281685,1.3015583345149127,0.04321363359707851,0.0006086427267194157,0.009999999999999995,142,2,4.321363359707854,0.060864272671941604
Chicago_Load,Minneapolis_Temp,0.95,1.1767573696263414,1.2348143557697622,0.01704199634814364,0.0,0.0025000000000000044,56,0,6.8167985392574435,0.0
Chicago_Load,Minneapolis_Temp,0.99,1.1378620651996054,1.164215240457607,0.0012172854534388314,0.0,0.00010000000000000018,4,0,12.172854534388293,0.0
Chicago_Load,Minneapolis_Load,0.9,1.1563533480298533,1.1178097110616887,0.05690809494826537,0.06908094948265368,0.009999999999999995,187,227,5.6908094948265395,6.908094948265372
Chicago_Load,Minneapolis_Load,0.95,1.134737511243047,1.1374404264214495,0.02556299452221546,0.024954351795496044,0.0025000000000000044,84,82,10.225197808886167,9.9817407181984
Chicago_Load,Minneapolis_Load,0.99,1.1343311379558618,1.0867642604647354,0.0015216068167985392,0.005173463177115033,0.00010000000000000018,5,17,15.216068167985364,51.73463177115024
Minneapolis_Temp,Minneapolis_Load,0.9,1.1779376398345258,1.3028763764428257,0.04960438222763238,0.0,0.009999999999999995,163,0,4.960438222763241,0.0
Minneapolis_Temp,Minneapolis_Load,0.95,1.1401216312033893,1.2348143557697622,0.025867315885575167,0.0,0.0025000000000000044,85,0,10.346926354230048,0.0
Minneapolis_Temp,Minneapolis_Load,0.99,1.082286839138272,1.164215240457607,0.005477784540474742,0.0,0.00010000000000000018,18,0,54.77784540474732,0.0
