City,Threshold,P_both_exceed,P_only_load,P_only_temp,P_either,P_both_independent,Multiplier,Kendall_Corr,TDC,N_days
Boston,0.9,0.04165144318597004,0.058092802338326636,0.058092802338326636,0.15783704786262331,0.009999999999999995,4.165144318597006,0.45477451087223597,0.5294837103439911,2737
Boston,0.95,0.00876872488125685,0.04092071611253197,0.04092071611253197,0.0906101571063208,0.0025000000000000044,3.507489952502734,0.45477451087223597,0.5294837103439911,2737
Boston,0.99,0.0,0.009864815491413957,0.009864815491413957,0.019729630982827914,0.00010000000000000018,0.0,0.45477451087223597,0.5294837103439911,2737
Chicago,0.9,0.026306174643770552,0.07343807088052612,0.07343807088052612,0.1731823164048228,0.009999999999999995,2.6306174643770563,0.29461922068598606,0.3628792624133448,2737
Chicago,0.95,0.008403361344537815,0.041286079649251003,0.041286079649251003,0.09097552064303982,0.0025000000000000044,3.36134453781512,0.29461922068598606,0.3628792624133448,2737
Chicago,0.99,0.00036536353671903543,0.009499451954694921,0.009499451954694921,0.01936426744610888,0.00010000000000000018,3.653635367190348,0.29461922068598606,0.3628792624133448,2737
Minneapolis,0.9,0.02740226525392766,0.07234198027036902,0.07234198027036902,0.1720862257946657,0.009999999999999995,2.7402265253927673,0.31973529304933257,0.3879400368913659,2737
Minneapolis,0.95,0.00803799780781878,0.04165144318597004,0.04165144318597004,0.09134088417975886,0.0025000000000000044,3.2151991231275066,0.31973529304933257,0.3879400368913659,2737
Minneapolis,0.99,0.0007307270734380709,0.009134088417975887,0.009134088417975887,0.018998903909389842,0.00010000000000000018,7.307270734380696,0.31973529304933257,0.3879400368913659,2737
NewYork,0.9,0.021556448666423093,0.07818779685787358,0.07818779685787358,0.17793204238217025,0.009999999999999995,2.1556448666423105,0.3941562132099216,0.4664261758580581,2737
NewYork,0.95,0.0047497259773474606,0.04493971501644136,0.04493971501644136,0.09462915601023018,0.0025000000000000044,1.8998903909389808,0.3941562132099216,0.4664261758580581,2737
NewYork,0.99,0.00036536353671903543,0.009499451954694921,0.009499451954694921,0.01936426744610888,0.00010000000000000018,3.653635367190348,0.3941562132099216,0.4664261758580581,2737
