date,tmin,tmax,tavg
2014-01-01,25.0,33.0,29.0
2014-01-02,18.0,32.0,25.0
2014-01-03,10.0,19.0,14.5
2014-01-04,9.0,28.0,18.5
2014-01-05,25.0,50.0,37.5
2014-01-06,20.0,53.0,36.5
2014-01-07,4.0,20.0,12.0
2014-01-08,9.0,26.0,17.5
2014-01-09,23.0,33.0,28.0
2014-01-10,27.0,35.0,31.0
2014-01-11,34.0,56.0,45.0
2014-01-12,39.0,54.0,46.5
2014-01-13,35.0,50.0,42.5
2014-01-14,43.0,50.0,46.5
2014-01-15,36.0,46.0,41.0
2014-01-16,36.0,41.0,38.5
2014-01-17,33.0,46.0,39.5
2014-01-18,29.0,39.0,34.0
2014-01-19,25.0,38.0,31.5
2014-01-20,32.0,46.0,39.0
2014-01-21,12.0,32.0,22.0
2014-01-22,7.0,18.0,12.5
2014-01-23,8.0,21.0,14.5
2014-01-24,11.0,20.0,15.5
2014-01-25,19.0,27.0,23.0
2014-01-26,18.0,32.0,25.0
2014-01-27,21.0,44.0,32.5
2014-01-28,13.0,21.0,17.0
2014-01-29,14.0,23.0,18.5
2014-01-30,18.0,29.0,23.5
2014-01-31,26.0,39.0,32.5
2014-02-01,32.0,44.0,38.0
2014-02-02,30.0,55.0,42.5
2014-02-03,29.0,42.0,35.5
2014-02-04,25.0,36.0,30.5
2014-02-05,29.0,34.0,31.5
2014-02-06,22.0,30.0,26.0
2014-02-07,25.0,33.0,29.0
2014-02-08,22.0,29.0,25.5
2014-02-09,21.0,29.0,25.0
2014-02-10,22.0,29.0,25.5
2014-02-11,18.0,26.0,22.0
2014-02-12,14.0,25.0,19.5
2014-02-13,24.0,36.0,30.0
2014-02-14,31.0,40.0,35.5
2014-02-15,28.0,37.0,32.5
2014-02-16,22.0,30.0,26.0
2014-02-17,19.0,33.0,26.0
2014-02-18,25.0,40.0,32.5
2014-02-19,28.0,45.0,36.5
2014-02-20,35.0,50.0,42.5
2014-02-21,34.0,48.0,41.0
2014-02-22,38.0,55.0,46.5
2014-02-23,39.0,54.0,46.5
2014-02-24,27.0,44.0,35.5
2014-02-25,24.0,33.0,28.5
2014-02-26,21.0,32.0,26.5
2014-02-27,15.0,33.0,24.0
2014-02-28,10.0,24.0,17.0
2014-03-01,21.0,38.0,29.5
2014-03-02,32.0,39.0,35.5
2014-03-03,19.0,32.0,25.5
2014-03-04,13.0,30.0,21.5
2014-03-05,26.0,37.0,31.5
2014-03-06,16.0,30.0,23.0
2014-03-07,26.0,36.0,31.0
2014-03-08,35.0,56.0,45.5
2014-03-09,35.0,43.0,39.0
2014-03-10,37.0,51.0,44.0
2014-03-11,45.0,65.0,55.0
2014-03-12,33.0,54.0,43.5
2014-03-13,19.0,33.0,26.0
2014-03-14,22.0,44.0,33.0
2014-03-15,40.0,58.0,49.0
2014-03-16,30.0,41.0,35.5
2014-03-17,23.0,33.0,28.0
2014-03-18,27.0,41.0,34.0
2014-03-19,31.0,47.0,39.0
2014-03-20,39.0,53.0,46.0
2014-03-21,39.0,50.0,44.5
2014-03-22,37.0,63.0,50.0
2014-03-23,27.0,42.0,34.5
2014-03-24,22.0,34.0,28.0
2014-03-25,26.0,38.0,32.0
2014-03-26,25.0,35.0,30.0
2014-03-27,23.0,42.0,32.5
2014-03-28,38.0,60.0,49.0
2014-03-29,41.0,55.0,48.0
2014-03-30,39.0,47.0,43.0
2014-03-31,36.0,54.0,45.0
2014-04-01,39.0,59.0,49.0
2014-04-02,41.0,53.0,47.0
2014-04-03,42.0,64.0,53.0
2014-04-04,39.0,47.0,43.0
2014-04-05,39.0,54.0,46.5
2014-04-06,37.0,59.0,48.0
2014-04-07,41.0,53.0,47.0
2014-04-08,43.0,65.0,54.0
2014-04-09,44.0,59.0,51.5
2014-04-10,42.0,58.0,50.0
2014-04-11,50.0,74.0,62.0
2014-04-12,49.0,72.0,60.5
2014-04-13,50.0,74.0,62.0
2014-04-14,54.0,72.0,63.0
2014-04-15,34.0,62.0,48.0
2014-04-16,32.0,47.0,39.5
2014-04-17,36.0,47.0,41.5
2014-04-18,35.0,47.0,41.0
2014-04-19,42.0,65.0,53.5
2014-04-20,44.0,55.0,49.5
2014-04-21,41.0,63.0,52.0
2014-04-22,50.0,66.0,58.0
2014-04-23,45.0,62.0,53.5
2014-04-24,43.0,60.0,51.5
2014-04-25,45.0,60.0,52.5
2014-04-26,45.0,64.0,54.5
2014-04-27,47.0,57.0,52.0
2014-04-28,46.0,64.0,55.0
2014-04-29,43.0,51.0,47.0
2014-04-30,42.0,49.0,45.5
2014-05-01,49.0,77.0,63.0
2014-05-02,55.0,68.0,61.5
2014-05-03,54.0,69.0,61.5
2014-05-04,54.0,64.0,59.0
2014-05-05,50.0,67.0,58.5
2014-05-06,53.0,68.0,60.5
2014-05-07,51.0,68.0,59.5
2014-05-08,53.0,58.0,55.5
2014-05-09,52.0,65.0,58.5
2014-05-10,55.0,82.0,68.5
2014-05-11,62.0,81.0,71.5
2014-05-12,64.0,82.0,73.0
2014-05-13,52.0,71.0,61.5
2014-05-14,51.0,68.0,59.5
2014-05-15,54.0,75.0,64.5
2014-05-16,60.0,71.0,65.5
2014-05-17,54.0,70.0,62.0
2014-05-18,53.0,65.0,59.0
2014-05-19,53.0,70.0,61.5
2014-05-20,57.0,77.0,67.0
2014-05-21,63.0,75.0,69.0
2014-05-22,58.0,65.0,61.5
2014-05-23,57.0,68.0,62.5
2014-05-24,57.0,68.0,62.5
2014-05-25,56.0,81.0,68.5
2014-05-26,66.0,87.0,76.5
2014-05-27,58.0,86.0,72.0
2014-05-28,53.0,60.0,56.5
2014-05-29,51.0,63.0,57.0
2014-05-30,56.0,76.0,66.0
2014-05-31,58.0,70.0,64.0
2014-06-01,57.0,77.0,67.0
2014-06-02,61.0,79.0,70.0
2014-06-03,64.0,85.0,74.5
2014-06-04,62.0,81.0,71.5
2014-06-05,62.0,76.0,69.0
2014-06-06,61.0,76.0,68.5
2014-06-07,63.0,82.0,72.5
2014-06-08,68.0,85.0,76.5
2014-06-09,62.0,73.0,67.5
2014-06-10,63.0,75.0,69.0
2014-06-11,61.0,68.0,64.5
2014-06-12,59.0,76.0,67.5
2014-06-13,62.0,76.0,69.0
2014-06-14,62.0,74.0,68.0
2014-06-15,61.0,79.0,70.0
2014-06-16,64.0,81.0,72.5
2014-06-17,70.0,88.0,79.0
2014-06-18,75.0,88.0,81.5
2014-06-19,68.0,79.0,73.5
2014-06-20,66.0,80.0,73.0
2014-06-21,62.0,76.0,69.0
2014-06-22,64.0,77.0,70.5
2014-06-23,67.0,82.0,74.5
2014-06-24,69.0,81.0,75.0
2014-06-25,71.0,84.0,77.5
2014-06-26,69.0,86.0,77.5
2014-06-27,68.0,82.0,75.0
2014-06-28,69.0,87.0,78.0
2014-06-29,70.0,82.0,76.0
2014-06-30,69.0,84.0,76.5
2014-07-01,73.0,88.0,80.5
2014-07-02,72.0,91.0,81.5
2014-07-03,70.0,89.0,79.5
2014-07-04,65.0,74.0,69.5
2014-07-05,65.0,83.0,74.0
2014-07-06,69.0,87.0,78.0
2014-07-07,73.0,92.0,82.5
2014-07-08,72.0,93.0,82.5
2014-07-09,73.0,88.0,80.5
2014-07-10,70.0,82.0,76.0
2014-07-11,70.0,85.0,77.5
2014-07-12,71.0,86.0,78.5
2014-07-13,71.0,82.0,76.5
2014-07-14,72.0,85.0,78.5
2014-07-15,71.0,88.0,79.5
2014-07-16,68.0,83.0,75.5
2014-07-17,68.0,83.0,75.5
2014-07-18,68.0,82.0,75.0
2014-07-19,68.0,77.0,72.5
2014-07-20,67.0,76.0,71.5
2014-07-21,67.0,84.0,75.5
2014-07-22,72.0,87.0,79.5
2014-07-23,74.0,89.0,81.5
2014-07-24,72.0,81.0,76.5
2014-07-25,67.0,83.0,75.0
2014-07-26,71.0,82.0,76.5
2014-07-27,72.0,88.0,80.0
2014-07-28,68.0,84.0,76.0
2014-07-29,65.0,76.0,70.5
2014-07-30,65.0,83.0,74.0
2014-07-31,70.0,82.0,76.0
2014-08-01,72.0,86.0,79.0
2014-08-02,65.0,74.0,69.5
2014-08-03,66.0,76.0,71.0
2014-08-04,71.0,84.0,77.5
2014-08-05,73.0,89.0,81.0
2014-08-06,71.0,84.0,77.5
2014-08-07,67.0,83.0,75.0
2014-08-08,66.0,82.0,74.0
2014-08-09,70.0,87.0,78.5
2014-08-10,71.0,87.0,79.0
2014-08-11,74.0,87.0,80.5
2014-08-12,71.0,80.0,75.5
2014-08-13,68.0,86.0,77.0
2014-08-14,64.0,79.0,71.5
2014-08-15,63.0,73.0,68.0
2014-08-16,66.0,79.0,72.5
2014-08-17,69.0,83.0,76.0
2014-08-18,64.0,81.0,72.5
2014-08-19,65.0,80.0,72.5
2014-08-20,71.0,84.0,77.5
2014-08-21,64.0,81.0,72.5
2014-08-22,67.0,76.0,71.5
2014-08-23,67.0,75.0,71.0
2014-08-24,65.0,80.0,72.5
2014-08-25,68.0,86.0,77.0
2014-08-26,71.0,86.0,78.5
2014-08-27,72.0,89.0,80.5
2014-08-28,68.0,80.0,74.0
2014-08-29,64.0,79.0,71.5
2014-08-30,67.0,77.0,72.0
2014-08-31,73.0,92.0,82.5
2014-09-01,76.0,88.0,82.0
2014-09-02,79.0,93.0,86.0
2014-09-03,73.0,86.0,79.5
2014-09-04,71.0,86.0,78.5
2014-09-05,73.0,85.0,79.0
2014-09-06,68.0,91.0,79.5
2014-09-07,66.0,80.0,73.0
2014-09-08,65.0,77.0,71.0
2014-09-09,64.0,73.0,68.5
2014-09-10,63.0,77.0,70.0
2014-09-11,69.0,84.0,76.5
2014-09-12,62.0,76.0,69.0
2014-09-13,61.0,70.0,65.5
2014-09-14,55.0,71.0,63.0
2014-09-15,55.0,73.0,64.0
2014-09-16,58.0,70.0,64.0
2014-09-17,59.0,73.0,66.0
2014-09-18,59.0,75.0,67.0
2014-09-19,55.0,66.0,60.5
2014-09-20,58.0,74.0,66.0
2014-09-21,67.0,77.0,72.0
2014-09-22,57.0,72.0,64.5
2014-09-23,54.0,73.0,63.5
2014-09-24,60.0,70.0,65.0
2014-09-25,58.0,64.0,61.0
2014-09-26,60.0,77.0,68.5
2014-09-27,65.0,83.0,74.0
2014-09-28,65.0,84.0,74.5
2014-09-29,69.0,79.0,74.0
2014-09-30,62.0,71.0,66.5
2014-10-01,60.0,66.0,63.0
2014-10-02,60.0,68.0,64.0
2014-10-03,57.0,69.0,63.0
2014-10-04,52.0,71.0,61.5
2014-10-05,47.0,61.0,54.0
2014-10-06,51.0,71.0,61.0
2014-10-07,65.0,72.0,68.5
2014-10-08,63.0,73.0,68.0
2014-10-09,58.0,69.0,63.5
2014-10-10,54.0,64.0,59.0
2014-10-11,52.0,60.0,56.0
2014-10-12,49.0,62.0,55.5
2014-10-13,53.0,66.0,59.5
2014-10-14,64.0,76.0,70.0
2014-10-15,68.0,78.0,73.0
2014-10-16,62.0,72.0,67.0
2014-10-17,61.0,72.0,66.5
2014-10-18,57.0,70.0,63.5
2014-10-19,45.0,57.0,51.0
2014-10-20,44.0,61.0,52.5
2014-10-21,55.0,68.0,61.5
2014-10-22,51.0,59.0,55.0
2014-10-23,51.0,53.0,52.0
2014-10-24,51.0,62.0,56.5
2014-10-25,52.0,68.0,60.0
2014-10-26,54.0,62.0,58.0
2014-10-27,51.0,64.0,57.5
2014-10-28,53.0,72.0,62.5
2014-10-29,53.0,72.0,62.5
2014-10-30,49.0,58.0,53.5
2014-10-31,45.0,55.0,50.0
2014-11-01,43.0,48.0,45.5
2014-11-02,42.0,48.0,45.0
2014-11-03,41.0,62.0,51.5
2014-11-04,55.0,69.0,62.0
2014-11-05,57.0,64.0,60.5
2014-11-06,48.0,59.0,53.5
2014-11-07,41.0,52.0,46.5
2014-11-08,38.0,48.0,43.0
2014-11-09,47.0,57.0,52.0
2014-11-10,42.0,61.0,51.5
2014-11-11,47.0,64.0,55.5
2014-11-12,46.0,66.0,56.0
2014-11-13,37.0,48.0,42.5
2014-11-14,36.0,43.0,39.5
2014-11-15,34.0,42.0,38.0
2014-11-16,35.0,44.0,39.5
2014-11-17,39.0,53.0,46.0
2014-11-18,24.0,46.0,35.0
2014-11-19,22.0,35.0,28.5
2014-11-20,32.0,46.0,39.0
2014-11-21,28.0,37.0,32.5
2014-11-22,29.0,44.0,36.5
2014-11-23,44.0,55.0,49.5
2014-11-24,49.0,66.0,57.5
2014-11-25,51.0,67.0,59.0
2014-11-26,34.0,51.0,42.5
2014-11-27,35.0,38.0,36.5
2014-11-28,29.0,37.0,33.0
2014-11-29,29.0,44.0,36.5
2014-11-30,44.0,54.0,49.0
2014-12-01,41.0,64.0,52.5
2014-12-02,35.0,43.0,39.0
2014-12-03,41.0,47.0,44.0
2014-12-04,37.0,45.0,41.0
2014-12-05,34.0,47.0,40.5
2014-12-06,40.0,49.0,44.5
2014-12-07,30.0,41.0,35.5
2014-12-08,25.0,37.0,31.0
2014-12-09,36.0,45.0,40.5
2014-12-10,32.0,41.0,36.5
2014-12-11,31.0,37.0,34.0
2014-12-12,32.0,38.0,35.0
2014-12-13,35.0,44.0,39.5
2014-12-14,38.0,45.0,41.5
2014-12-15,37.0,49.0,43.0
2014-12-16,36.0,49.0,42.5
2014-12-17,42.0,53.0,47.5
2014-12-18,38.0,43.0,40.5
2014-12-19,32.0,38.0,35.0
2014-12-20,30.0,33.0,31.5
2014-12-21,32.0,36.0,34.0
2014-12-22,35.0,45.0,40.0
2014-12-23,43.0,46.0,44.5
2014-12-24,43.0,55.0,49.0
2014-12-25,45.0,63.0,54.0
2014-12-26,40.0,50.0,45.0
2014-12-27,42.0,55.0,48.5
2014-12-28,42.0,52.0,47.0
2014-12-29,35.0,44.0,39.5
2014-12-30,28.0,35.0,31.5
2014-12-31,27.0,32.0,29.5
2015-01-01,27.0,39.0,33.0
2015-01-02,35.0,42.0,38.5
2015-01-03,31.0,41.0,36.0
2015-01-04,41.0,57.0,49.0
2015-01-05,22.0,50.0,36.0
2015-01-06,18.0,22.0,20.0
2015-01-07,10.0,25.0,17.5
2015-01-08,8.0,21.0,14.5
2015-01-09,19.0,33.0,26.0
2015-01-10,17.0,24.0,20.5
2015-01-11,19.0,37.0,28.0
2015-01-12,34.0,39.0,36.5
2015-01-13,17.0,36.0,26.5
2015-01-14,17.0,32.0,24.5
2015-01-15,25.0,34.0,29.5
2015-01-16,20.0,42.0,31.0
2015-01-17,17.0,30.0,23.5
2015-01-18,29.0,43.0,36.0
2015-01-19,37.0,42.0,39.5
2015-01-20,32.0,40.0,36.0
2015-01-21,25.0,35.0,30.0
2015-01-22,31.0,39.0,35.0
2015-01-23,28.0,39.0,33.5
2015-01-24,32.0,40.0,36.0
2015-01-25,30.0,42.0,36.0
2015-01-26,22.0,30.0,26.0
2015-01-27,19.0,28.0,23.5
2015-01-28,17.0,34.0,25.5
2015-01-29,21.0,36.0,28.5
2015-01-30,20.0,37.0,28.5
2015-01-31,13.0,26.0,19.5
2015-02-01,20.0,36.0,28.0
2015-02-02,15.0,33.0,24.0
2015-02-03,14.0,28.0,21.0
2015-02-04,23.0,41.0,32.0
2015-02-05,14.0,40.0,27.0
2015-02-06,12.0,27.0,19.5
2015-02-07,26.0,36.0,31.0
2015-02-08,30.0,36.0,33.0
2015-02-09,26.0,31.0,28.5
2015-02-10,26.0,39.0,32.5
2015-02-11,22.0,33.0,27.5
2015-02-12,17.0,40.0,28.5
2015-02-13,9.0,22.0,15.5
2015-02-14,16.0,32.0,24.0
2015-02-15,5.0,26.0,15.5
2015-02-16,4.0,21.0,12.5
2015-02-17,14.0,28.0,21.0
2015-02-18,18.0,31.0,24.5
2015-02-19,9.0,27.0,18.0
2015-02-20,3.0,21.0,12.0
2015-02-21,14.0,32.0,23.0
2015-02-22,31.0,42.0,36.5
2015-02-23,8.0,38.0,23.0
2015-02-24,6.0,25.0,15.5
2015-02-25,21.0,38.0,29.5
2015-02-26,21.0,32.0,26.5
2015-02-27,19.0,30.0,24.5
2015-02-28,15.0,30.0,22.5
2015-03-01,24.0,30.0,27.0
2015-03-02,28.0,38.0,33.0
2015-03-03,24.0,36.0,30.0
2015-03-04,36.0,47.0,41.5
2015-03-05,20.0,41.0,30.5
2015-03-06,15.0,28.0,21.5
2015-03-07,20.0,39.0,29.5
2015-03-08,35.0,49.0,42.0
2015-03-09,36.0,54.0,45.0
2015-03-10,33.0,54.0,43.5
2015-03-11,37.0,60.0,48.5
2015-03-12,37.0,47.0,42.0
2015-03-13,31.0,43.0,37.0
2015-03-14,37.0,51.0,44.0
2015-03-15,37.0,47.0,42.0
2015-03-16,36.0,51.0,43.5
2015-03-17,34.0,54.0,44.0
2015-03-18,28.0,38.0,33.0
2015-03-19,29.0,42.0,35.5
2015-03-20,29.0,38.0,33.5
2015-03-21,29.0,48.0,38.5
2015-03-22,28.0,44.0,36.0
2015-03-23,24.0,38.0,31.0
2015-03-24,26.0,44.0,35.0
2015-03-25,32.0,48.0,40.0
2015-03-26,38.0,57.0,47.5
2015-03-27,40.0,46.0,43.0
2015-03-28,27.0,41.0,34.0
2015-03-29,27.0,46.0,36.5
2015-03-30,34.0,55.0,44.5
2015-03-31,36.0,47.0,41.5
2015-04-01,34.0,51.0,42.5
2015-04-02,39.0,63.0,51.0
2015-04-03,53.0,63.0,58.0
2015-04-04,44.0,60.0,52.0
2015-04-05,43.0,62.0,52.5
2015-04-06,39.0,60.0,49.5
2015-04-07,42.0,57.0,49.5
2015-04-08,38.0,46.0,42.0
2015-04-09,37.0,44.0,40.5
2015-04-10,39.0,57.0,48.0
2015-04-11,45.0,57.0,51.0
2015-04-12,44.0,65.0,54.5
2015-04-13,47.0,65.0,56.0
2015-04-14,53.0,65.0,59.0
2015-04-15,51.0,70.0,60.5
2015-04-16,47.0,62.0,54.5
2015-04-17,55.0,71.0,63.0
2015-04-18,54.0,79.0,66.5
2015-04-19,47.0,61.0,54.0
2015-04-20,45.0,59.0,52.0
2015-04-21,52.0,67.0,59.5
2015-04-22,48.0,67.0,57.5
2015-04-23,42.0,50.0,46.0
2015-04-24,39.0,50.0,44.5
2015-04-25,39.0,60.0,49.5
2015-04-26,45.0,61.0,53.0
2015-04-27,49.0,60.0,54.5
2015-04-28,51.0,72.0,61.5
2015-04-29,48.0,76.0,62.0
2015-04-30,47.0,64.0,55.5
2015-05-01,48.0,59.0,53.5
2015-05-02,48.0,69.0,58.5
2015-05-03,51.0,76.0,63.5
2015-05-04,54.0,82.0,68.0
2015-05-05,64.0,81.0,72.5
2015-05-06,58.0,69.0,63.5
2015-05-07,52.0,76.0,64.0
2015-05-08,54.0,79.0,66.5
2015-05-09,53.0,64.0,58.5
2015-05-10,57.0,82.0,69.5
2015-05-11,67.0,83.0,75.0
2015-05-12,63.0,87.0,75.0
2015-05-13,54.0,67.0,60.5
2015-05-14,52.0,72.0,62.0
2015-05-15,56.0,74.0,65.0
2015-05-16,57.0,75.0,66.0
2015-05-17,61.0,83.0,72.0
2015-05-18,56.0,71.0,63.5
2015-05-19,55.0,82.0,68.5
2015-05-20,55.0,66.0,60.5
2015-05-21,53.0,62.0,57.5
2015-05-22,55.0,75.0,65.0
2015-05-23,50.0,70.0,60.0
2015-05-24,56.0,81.0,68.5
2015-05-25,65.0,83.0,74.0
2015-05-26,67.0,86.0,76.5
2015-05-27,67.0,81.0,74.0
2015-05-28,67.0,84.0,75.5
2015-05-29,64.0,82.0,73.0
2015-05-30,66.0,83.0,74.5
2015-05-31,57.0,86.0,71.5
2015-06-01,51.0,58.0,54.5
2015-06-02,50.0,56.0,53.0
2015-06-03,53.0,69.0,61.0
2015-06-04,54.0,65.0,59.5
2015-06-05,56.0,68.0,62.0
2015-06-06,59.0,74.0,66.5
2015-06-07,57.0,73.0,65.0
2015-06-08,62.0,77.0,69.5
2015-06-09,67.0,85.0,76.0
2015-06-10,66.0,82.0,74.0
2015-06-11,72.0,92.0,82.0
2015-06-12,71.0,88.0,79.5
2015-06-13,72.0,84.0,78.0
2015-06-14,67.0,87.0,77.0
2015-06-15,63.0,81.0,72.0
2015-06-16,64.0,79.0,71.5
2015-06-17,66.0,79.0,72.5
2015-06-18,65.0,71.0,68.0
2015-06-19,67.0,85.0,76.0
2015-06-20,64.0,73.0,68.5
2015-06-21,69.0,90.0,79.5
2015-06-22,72.0,89.0,80.5
2015-06-23,76.0,92.0,84.0
2015-06-24,69.0,83.0,76.0
2015-06-25,69.0,85.0,77.0
2015-06-26,70.0,80.0,75.0
2015-06-27,60.0,74.0,67.0
2015-06-28,62.0,74.0,68.0
2015-06-29,64.0,78.0,71.0
2015-06-30,67.0,82.0,74.5
2015-07-01,70.0,85.0,77.5
2015-07-02,70.0,81.0,75.5
2015-07-03,67.0,81.0,74.0
2015-07-04,69.0,75.0,72.0
2015-07-05,70.0,85.0,77.5
2015-07-06,71.0,83.0,77.0
2015-07-07,75.0,88.0,81.5
2015-07-08,76.0,89.0,82.5
2015-07-09,68.0,79.0,73.5
2015-07-10,72.0,84.0,78.0
2015-07-11,72.0,86.0,79.0
2015-07-12,73.0,89.0,81.0
2015-07-13,74.0,85.0,79.5
2015-07-14,71.0,81.0,76.0
2015-07-15,72.0,81.0,76.5
2015-07-16,64.0,80.0,72.0
2015-07-17,68.0,80.0,74.0
2015-07-18,72.0,86.0,79.0
2015-07-19,78.0,94.0,86.0
2015-07-20,83.0,95.0,89.0
2015-07-21,75.0,92.0,83.5
2015-07-22,71.0,86.0,78.5
2015-07-23,71.0,85.0,78.0
2015-07-24,71.0,85.0,78.0
2015-07-25,71.0,85.0,78.0
2015-07-26,75.0,89.0,82.0
2015-07-27,76.0,87.0,81.5
2015-07-28,76.0,94.0,85.0
2015-07-29,78.0,95.0,86.5
2015-07-30,75.0,87.0,81.0
2015-07-31,74.0,91.0,82.5
2015-08-01,77.0,90.0,83.5
2015-08-02,73.0,89.0,81.0
2015-08-03,76.0,92.0,84.0
2015-08-04,70.0,91.0,80.5
2015-08-05,72.0,88.0,80.0
2015-08-06,70.0,82.0,76.0
2015-08-07,69.0,82.0,75.5
2015-08-08,69.0,81.0,75.0
2015-08-09,70.0,84.0,77.0
2015-08-10,70.0,81.0,75.5
2015-08-11,71.0,82.0,76.5
2015-08-12,72.0,85.0,78.5
2015-08-13,69.0,83.0,76.0
2015-08-14,71.0,88.0,79.5
2015-08-15,74.0,92.0,83.0
2015-08-16,77.0,92.0,84.5
2015-08-17,79.0,93.0,86.0
2015-08-18,77.0,89.0,83.0
2015-08-19,76.0,87.0,81.5
2015-08-20,77.0,87.0,82.0
2015-08-21,71.0,86.0,78.5
2015-08-22,70.0,84.0,77.0
2015-08-23,71.0,83.0,77.0
2015-08-24,73.0,86.0,79.5
2015-08-25,75.0,88.0,81.5
2015-08-26,69.0,83.0,76.0
2015-08-27,68.0,80.0,74.0
2015-08-28,66.0,83.0,74.5
2015-08-29,70.0,85.0,77.5
2015-08-30,72.0,90.0,81.0
2015-08-31,77.0,92.0,84.5
2015-09-01,76.0,88.0,82.0
2015-09-02,75.0,88.0,81.5
2015-09-03,76.0,93.0,84.5
2015-09-04,70.0,84.0,77.0
2015-09-05,67.0,80.0,73.5
2015-09-06,67.0,84.0,75.5
2015-09-07,71.0,90.0,80.5
2015-09-08,76.0,95.0,85.5
2015-09-09,76.0,89.0,82.5
2015-09-10,70.0,79.0,74.5
2015-09-11,66.0,81.0,73.5
2015-09-12,70.0,79.0,74.5
2015-09-13,62.0,79.0,70.5
2015-09-14,59.0,75.0,67.0
2015-09-15,65.0,84.0,74.5
2015-09-16,68.0,87.0,77.5
2015-09-17,70.0,87.0,78.5
2015-09-18,70.0,85.0,77.5
2015-09-19,69.0,80.0,74.5
2015-09-20,65.0,76.0,70.5
2015-09-21,59.0,73.0,66.0
2015-09-22,61.0,72.0,66.5
2015-09-23,59.0,79.0,69.0
2015-09-24,63.0,81.0,72.0
2015-09-25,64.0,73.0,68.5
2015-09-26,59.0,70.0,64.5
2015-09-27,56.0,69.0,62.5
2015-09-28,65.0,79.0,72.0
2015-09-29,71.0,83.0,77.0
2015-09-30,59.0,78.0,68.5
2015-10-01,54.0,64.0,59.0
2015-10-02,49.0,57.0,53.0
2015-10-03,49.0,56.0,52.5
2015-10-04,53.0,63.0,58.0
2015-10-05,52.0,65.0,58.5
2015-10-06,55.0,73.0,64.0
2015-10-07,59.0,73.0,66.0
2015-10-08,60.0,68.0,64.0
2015-10-09,62.0,78.0,70.0
2015-10-10,52.0,65.0,58.5
2015-10-11,53.0,70.0,61.5
2015-10-12,56.0,76.0,66.0
2015-10-13,62.0,73.0,67.5
2015-10-14,58.0,68.0,63.0
2015-10-15,52.0,64.0,58.0
2015-10-16,55.0,64.0,59.5
2015-10-17,43.0,55.0,49.0
2015-10-18,39.0,50.0,44.5
2015-10-19,37.0,53.0,45.0
2015-10-20,49.0,71.0,60.0
2015-10-21,57.0,76.0,66.5
2015-10-22,57.0,76.0,66.5
2015-10-23,46.0,65.0,55.5
2015-10-24,41.0,57.0,49.0
2015-10-25,51.0,68.0,59.5
2015-10-26,48.0,59.0,53.5
2015-10-27,46.0,59.0,52.5
2015-10-28,51.0,70.0,60.5
2015-10-29,58.0,74.0,66.0
2015-10-30,48.0,60.0,54.0
2015-10-31,43.0,56.0,49.5
2015-11-01,53.0,65.0,59.0
2015-11-02,56.0,63.0,59.5
2015-11-03,51.0,73.0,62.0
2015-11-04,55.0,70.0,62.5
2015-11-05,57.0,71.0,64.0
2015-11-06,65.0,75.0,70.0
2015-11-07,54.0,72.0,63.0
2015-11-08,48.0,58.0,53.0
2015-11-09,46.0,60.0,53.0
2015-11-10,52.0,59.0,55.5
2015-11-11,50.0,57.0,53.5
2015-11-12,51.0,60.0,55.5
2015-11-13,48.0,59.0,53.5
2015-11-14,43.0,49.0,46.0
2015-11-15,42.0,59.0,50.5
2015-11-16,51.0,68.0,59.5
2015-11-17,41.0,53.0,47.0
2015-11-18,45.0,59.0,52.0
2015-11-19,55.0,64.0,59.5
2015-11-20,47.0,64.0,55.5
2015-11-21,43.0,54.0,48.5
2015-11-22,44.0,56.0,50.0
2015-11-23,36.0,44.0,40.0
2015-11-24,33.0,47.0,40.0
2015-11-25,40.0,49.0,44.5
2015-11-26,41.0,60.0,50.5
2015-11-27,48.0,65.0,56.5
2015-11-28,44.0,62.0,53.0
2015-11-29,38.0,48.0,43.0
2015-11-30,34.0,46.0,40.0
2015-12-01,45.0,53.0,49.0
2015-12-02,45.0,57.0,51.0
2015-12-03,45.0,56.0,50.5
2015-12-04,44.0,52.0,48.0
2015-12-05,43.0,52.0,47.5
2015-12-06,40.0,53.0,46.5
2015-12-07,43.0,55.0,49.0
2015-12-08,41.0,49.0,45.0
2015-12-09,39.0,55.0,47.0
2015-12-10,52.0,61.0,56.5
2015-12-11,49.0,61.0,55.0
2015-12-12,53.0,66.0,59.5
2015-12-13,53.0,62.0,57.5
2015-12-14,51.0,64.0,57.5
2015-12-15,52.0,64.0,58.0
2015-12-16,45.0,52.0,48.5
2015-12-17,50.0,59.0,54.5
2015-12-18,39.0,57.0,48.0
2015-12-19,36.0,41.0,38.5
2015-12-20,36.0,44.0,40.0
2015-12-21,40.0,57.0,48.5
2015-12-22,55.0,62.0,58.5
2015-12-23,50.0,63.0,56.5
2015-12-24,59.0,72.0,65.5
2015-12-25,54.0,64.0,59.0
2015-12-26,47.0,59.0,53.0
2015-12-27,46.0,62.0,54.0
2015-12-28,35.0,48.0,41.5
2015-12-29,34.0,48.0,41.0
2015-12-30,40.0,48.0,44.0
2015-12-31,43.0,50.0,46.5
2016-01-01,36.0,43.0,39.5
2016-01-02,34.0,41.0,37.5
2016-01-03,36.0,47.0,41.5
2016-01-04,15.0,38.0,26.5
2016-01-05,13.0,30.0,21.5
2016-01-06,26.0,43.0,34.5
2016-01-07,32.0,48.0,40.0
2016-01-08,34.0,48.0,41.0
2016-01-09,41.0,47.0,44.0
2016-01-10,42.0,59.0,50.5
2016-01-11,28.0,42.0,35.0
2016-01-12,26.0,45.0,35.5
2016-01-13,24.0,31.0,27.5
2016-01-14,24.0,39.0,31.5
2016-01-15,34.0,52.0,43.0
2016-01-16,42.0,52.0,47.0
2016-01-17,31.0,44.0,37.5
2016-01-18,20.0,33.0,26.5
2016-01-19,18.0,30.0,24.0
2016-01-20,30.0,38.0,34.0
2016-01-21,27.0,38.0,32.5
2016-01-22,22.0,30.0,26.0
2016-01-23,25.0,28.0,26.5
2016-01-24,24.0,36.0,30.0
2016-01-25,30.0,38.0,34.0
2016-01-26,35.0,49.0,42.0
2016-01-27,34.0,48.0,41.0
2016-01-28,29.0,44.0,36.5
2016-01-29,32.0,42.0,37.0
2016-01-30,30.0,40.0,35.0
2016-01-31,37.0,56.0,46.5
2016-02-01,43.0,59.0,51.0
2016-02-02,38.0,52.0,45.0
2016-02-03,42.0,57.0,49.5
2016-02-04,44.0,58.0,51.0
2016-02-05,32.0,44.0,38.0
2016-02-06,32.0,40.0,36.0
2016-02-07,33.0,46.0,39.5
2016-02-08,28.0,41.0,34.5
2016-02-09,27.0,36.0,31.5
2016-02-10,32.0,40.0,36.0
2016-02-11,20.0,32.0,26.0
2016-02-12,17.0,27.0,22.0
2016-02-13,8.0,24.0,16.0
2016-02-14,1.0,17.0,9.0
2016-02-15,15.0,35.0,25.0
2016-02-16,35.0,57.0,46.0
2016-02-17,36.0,41.0,38.5
2016-02-18,28.0,37.0,32.5
2016-02-19,25.0,40.0,32.5
2016-02-20,40.0,62.0,51.0
2016-02-21,42.0,57.0,49.5
2016-02-22,38.0,53.0,45.5
2016-02-23,36.0,41.0,38.5
2016-02-24,36.0,61.0,48.5
2016-02-25,39.0,61.0,50.0
2016-02-26,29.0,40.0,34.5
2016-02-27,28.0,42.0,35.0
2016-02-28,39.0,61.0,50.0
2016-02-29,42.0,61.0,51.5
2016-03-01,40.0,53.0,46.5
2016-03-02,30.0,56.0,43.0
2016-03-03,27.0,37.0,32.0
2016-03-04,30.0,42.0,36.0
2016-03-05,30.0,41.0,35.5
2016-03-06,33.0,47.0,40.0
2016-03-07,37.0,61.0,49.0
2016-03-08,43.0,64.0,53.5
2016-03-09,41.0,75.0,58.0
2016-03-10,62.0,78.0,70.0
2016-03-11,49.0,66.0,57.5
2016-03-12,41.0,57.0,49.0
2016-03-13,50.0,64.0,57.0
2016-03-14,41.0,52.0,46.5
2016-03-15,44.0,57.0,50.5
2016-03-16,45.0,65.0,55.0
2016-03-17,45.0,64.0,54.5
2016-03-18,43.0,57.0,50.0
2016-03-19,37.0,47.0,42.0
2016-03-20,33.0,42.0,37.5
2016-03-21,33.0,50.0,41.5
2016-03-22,37.0,56.0,46.5
2016-03-23,49.0,71.0,60.0
2016-03-24,44.0,53.0,48.5
2016-03-25,44.0,73.0,58.5
2016-03-26,39.0,51.0,45.0
2016-03-27,43.0,54.0,48.5
2016-03-28,43.0,63.0,53.0
2016-03-29,42.0,53.0,47.5
2016-03-30,39.0,53.0,46.0
2016-03-31,49.0,70.0,59.5
2016-04-01,56.0,79.0,67.5
2016-04-02,48.0,61.0,54.5
2016-04-03,35.0,50.0,42.5
2016-04-04,31.0,45.0,38.0
2016-04-05,27.0,43.0,35.0
2016-04-06,32.0,48.0,40.0
2016-04-07,47.0,60.0,53.5
2016-04-08,41.0,51.0,46.0
2016-04-09,38.0,44.0,41.0
2016-04-10,33.0,50.0,41.5
2016-04-11,44.0,61.0,52.5
2016-04-12,46.0,58.0,52.0
2016-04-13,42.0,57.0,49.5
2016-04-14,43.0,61.0,52.0
2016-04-15,44.0,63.0,53.5
2016-04-16,45.0,65.0,55.0
2016-04-17,48.0,74.0,61.0
2016-04-18,49.0,80.0,64.5
2016-04-19,56.0,69.0,62.5
2016-04-20,51.0,67.0,59.0
2016-04-21,50.0,70.0,60.0
2016-04-22,61.0,78.0,69.5
2016-04-23,55.0,69.0,62.0
2016-04-24,48.0,67.0,57.5
2016-04-25,51.0,68.0,59.5
2016-04-26,47.0,57.0,52.0
2016-04-27,47.0,60.0,53.5
2016-04-28,48.0,59.0,53.5
2016-04-29,47.0,59.0,53.0
2016-04-30,47.0,63.0,55.0
2016-05-01,45.0,52.0,48.5
2016-05-02,45.0,62.0,53.5
2016-05-03,51.0,55.0,53.0
2016-05-04,49.0,54.0,51.5
2016-05-05,47.0,58.0,52.5
2016-05-06,49.0,55.0,52.0
2016-05-07,49.0,57.0,53.0
2016-05-08,49.0,65.0,57.0
2016-05-09,54.0,74.0,64.0
2016-05-10,51.0,65.0,58.0
2016-05-11,53.0,74.0,63.5
2016-05-12,56.0,78.0,67.0
2016-05-13,58.0,67.0,62.5
2016-05-14,58.0,73.0,65.5
2016-05-15,47.0,59.0,53.0
2016-05-16,44.0,68.0,56.0
2016-05-17,56.0,68.0,62.0
2016-05-18,55.0,69.0,62.0
2016-05-19,56.0,71.0,63.5
2016-05-20,57.0,78.0,67.5
2016-05-21,56.0,67.0,61.5
2016-05-22,54.0,71.0,62.5
2016-05-23,56.0,77.0,66.5
2016-05-24,60.0,76.0,68.0
2016-05-25,60.0,90.0,75.0
2016-05-26,71.0,92.0,81.5
2016-05-27,67.0,88.0,77.5
2016-05-28,73.0,92.0,82.5
2016-05-29,70.0,87.0,78.5
2016-05-30,69.0,82.0,75.5
2016-05-31,69.0,84.0,76.5
2016-06-01,65.0,83.0,74.0
2016-06-02,62.0,74.0,68.0
2016-06-03,63.0,72.0,67.5
2016-06-04,66.0,83.0,74.5
2016-06-05,67.0,74.0,70.5
2016-06-06,68.0,87.0,77.5
2016-06-07,66.0,87.0,76.5
2016-06-08,55.0,70.0,62.5
2016-06-09,56.0,74.0,65.0
2016-06-10,59.0,78.0,68.5
2016-06-11,64.0,90.0,77.0
2016-06-12,63.0,86.0,74.5
2016-06-13,59.0,74.0,66.5
2016-06-14,60.0,81.0,70.5
2016-06-15,66.0,87.0,76.5
2016-06-16,68.0,77.0,72.5
2016-06-17,66.0,80.0,73.0
2016-06-18,63.0,86.0,74.5
2016-06-19,68.0,84.0,76.0
2016-06-20,66.0,83.0,74.5
2016-06-21,73.0,89.0,81.0
2016-06-22,67.0,86.0,76.5
2016-06-23,68.0,81.0,74.5
2016-06-24,68.0,85.0,76.5
2016-06-25,65.0,83.0,74.0
2016-06-26,70.0,86.0,78.0
2016-06-27,69.0,84.0,76.5
2016-06-28,70.0,78.0,74.0
2016-06-29,70.0,87.0,78.5
2016-06-30,70.0,87.0,78.5
2016-07-01,70.0,81.0,75.5
2016-07-02,68.0,78.0,73.0
2016-07-03,69.0,82.0,75.5
2016-07-04,69.0,86.0,77.5
2016-07-05,69.0,89.0,79.0
2016-07-06,77.0,96.0,86.5
2016-07-07,75.0,93.0,84.0
2016-07-08,69.0,86.0,77.5
2016-07-09,66.0,74.0,70.0
2016-07-10,67.0,81.0,74.0
2016-07-11,69.0,83.0,76.0
2016-07-12,71.0,84.0,77.5
2016-07-13,73.0,86.0,79.5
2016-07-14,75.0,91.0,83.0
2016-07-15,82.0,92.0,87.0
2016-07-16,77.0,92.0,84.5
2016-07-17,77.0,93.0,85.0
2016-07-18,78.0,97.0,87.5
2016-07-19,76.0,85.0,80.5
2016-07-20,71.0,85.0,78.0
2016-07-21,75.0,91.0,83.0
2016-07-22,76.0,98.0,87.0
2016-07-23,82.0,99.0,90.5
2016-07-24,76.0,94.0,85.0
2016-07-25,77.0,94.0,85.5
2016-07-26,75.0,94.0,84.5
2016-07-27,77.0,94.0,85.5
2016-07-28,78.0,94.0,86.0
2016-07-29,71.0,85.0,78.0
2016-07-30,75.0,84.0,79.5
2016-07-31,72.0,83.0,77.5
2016-08-01,71.0,80.0,75.5
2016-08-02,71.0,78.0,74.5
2016-08-03,68.0,82.0,75.0
2016-08-04,70.0,84.0,77.0
2016-08-05,72.0,86.0,79.0
2016-08-06,75.0,91.0,83.0
2016-08-07,74.0,89.0,81.5
2016-08-08,75.0,87.0,81.0
2016-08-09,75.0,89.0,82.0
2016-08-10,76.0,89.0,82.5
2016-08-11,78.0,97.0,87.5
2016-08-12,76.0,98.0,87.0
2016-08-13,84.0,98.0,91.0
2016-08-14,81.0,98.0,89.5
2016-08-15,78.0,93.0,85.5
2016-08-16,78.0,91.0,84.5
2016-08-17,79.0,86.0,82.5
2016-08-18,75.0,88.0,81.5
2016-08-19,77.0,89.0,83.0
2016-08-20,75.0,85.0,80.0
2016-08-21,76.0,89.0,82.5
2016-08-22,70.0,79.0,74.5
2016-08-23,67.0,84.0,75.5
2016-08-24,71.0,89.0,80.0
2016-08-25,73.0,86.0,79.5
2016-08-26,77.0,91.0,84.0
2016-08-27,76.0,89.0,82.5
2016-08-28,74.0,89.0,81.5
2016-08-29,77.0,91.0,84.0
2016-08-30,72.0,86.0,79.0
2016-08-31,76.0,90.0,83.0
2016-09-01,73.0,80.0,76.5
2016-09-02,68.0,83.0,75.5
2016-09-03,69.0,76.0,72.5
2016-09-04,66.0,81.0,73.5
2016-09-05,67.0,84.0,75.5
2016-09-06,72.0,82.0,77.0
2016-09-07,72.0,86.0,79.0
2016-09-08,73.0,88.0,80.5
2016-09-09,77.0,93.0,85.0
2016-09-10,76.0,91.0,83.5
2016-09-11,70.0,84.0,77.0
2016-09-12,64.0,78.0,71.0
2016-09-13,68.0,82.0,75.0
2016-09-14,70.0,92.0,81.0
2016-09-15,63.0,75.0,69.0
2016-09-16,64.0,75.0,69.5
2016-09-17,64.0,78.0,71.0
2016-09-18,72.0,85.0,78.5
2016-09-19,72.0,77.0,74.5
2016-09-20,71.0,84.0,77.5
2016-09-21,73.0,85.0,79.0
2016-09-22,70.0,86.0,78.0
2016-09-23,66.0,89.0,77.5
2016-09-24,59.0,72.0,65.5
2016-09-25,58.0,71.0,64.5
2016-09-26,57.0,73.0,65.0
2016-09-27,66.0,76.0,71.0
2016-09-28,60.0,71.0,65.5
2016-09-29,60.0,67.0,63.5
2016-09-30,58.0,64.0,61.0
2016-10-01,58.0,64.0,61.0
2016-10-02,58.0,65.0,61.5
2016-10-03,62.0,73.0,67.5
2016-10-04,62.0,71.0,66.5
2016-10-05,55.0,69.0,62.0
2016-10-06,59.0,75.0,67.0
2016-10-07,60.0,77.0,68.5
2016-10-08,61.0,69.0,65.0
2016-10-09,54.0,67.0,60.5
2016-10-10,50.0,65.0,57.5
2016-10-11,49.0,64.0,56.5
2016-10-12,56.0,69.0,62.5
2016-10-13,56.0,70.0,63.0
2016-10-14,50.0,64.0,57.0
2016-10-15,49.0,66.0,57.5
2016-10-16,55.0,74.0,64.5
2016-10-17,66.0,83.0,74.5
2016-10-18,68.0,82.0,75.0
2016-10-19,68.0,86.0,77.0
2016-10-20,63.0,73.0,68.0
2016-10-21,61.0,71.0,66.0
2016-10-22,49.0,62.0,55.5
2016-10-23,48.0,64.0,56.0
2016-10-24,50.0,64.0,57.0
2016-10-25,46.0,55.0,50.5
2016-10-26,41.0,52.0,46.5
2016-10-27,42.0,58.0,50.0
2016-10-28,44.0,54.0,49.0
2016-10-29,44.0,66.0,55.0
2016-10-30,57.0,78.0,67.5
2016-10-31,47.0,57.0,52.0
2016-11-01,44.0,61.0,52.5
2016-11-02,56.0,72.0,64.0
2016-11-03,59.0,75.0,67.0
2016-11-04,51.0,62.0,56.5
2016-11-05,48.0,64.0,56.0
2016-11-06,47.0,60.0,53.5
2016-11-07,43.0,58.0,50.5
2016-11-08,47.0,70.0,58.5
2016-11-09,51.0,63.0,57.0
2016-11-10,44.0,58.0,51.0
2016-11-11,44.0,63.0,53.5
2016-11-12,40.0,52.0,46.0
2016-11-13,43.0,64.0,53.5
2016-11-14,50.0,64.0,57.0
2016-11-15,49.0,58.0,53.5
2016-11-16,48.0,64.0,56.0
2016-11-17,52.0,63.0,57.5
2016-11-18,48.0,67.0,57.5
2016-11-19,42.0,62.0,52.0
2016-11-20,37.0,44.0,40.5
2016-11-21,39.0,43.0,41.0
2016-11-22,39.0,44.0,41.5
2016-11-23,37.0,46.0,41.5
2016-11-24,41.0,50.0,45.5
2016-11-25,47.0,56.0,51.5
2016-11-26,44.0,52.0,48.0
2016-11-27,43.0,51.0,47.0
2016-11-28,42.0,53.0,47.5
2016-11-29,52.0,62.0,57.0
2016-11-30,52.0,61.0,56.5
2016-12-01,45.0,57.0,51.0
2016-12-02,43.0,53.0,48.0
2016-12-03,43.0,50.0,46.5
2016-12-04,41.0,48.0,44.5
2016-12-05,40.0,51.0,45.5
2016-12-06,41.0,47.0,44.0
2016-12-07,41.0,47.0,44.0
2016-12-08,36.0,45.0,40.5
2016-12-09,32.0,42.0,37.0
2016-12-10,31.0,37.0,34.0
2016-12-11,30.0,36.0,33.0
2016-12-12,35.0,48.0,41.5
2016-12-13,39.0,45.0,42.0
2016-12-14,36.0,44.0,40.0
2016-12-15,21.0,36.0,28.5
2016-12-16,19.0,29.0,24.0
2016-12-17,26.0,40.0,33.0
2016-12-18,33.0,61.0,47.0
2016-12-19,25.0,33.0,29.0
2016-12-20,23.0,36.0,29.5
2016-12-21,33.0,42.0,37.5
2016-12-22,37.0,50.0,43.5
2016-12-23,41.0,48.0,44.5
2016-12-24,40.0,49.0,44.5
2016-12-25,38.0,51.0,44.5
2016-12-26,34.0,52.0,43.0
2016-12-27,42.0,62.0,52.0
2016-12-28,35.0,42.0,38.5
2016-12-29,34.0,48.0,41.0
2016-12-30,35.0,42.0,38.5
2016-12-31,34.0,45.0,39.5
2017-01-01,39.0,49.0,44.0
2017-01-02,38.0,42.0,40.0
2017-01-03,40.0,47.0,43.5
2017-01-04,36.0,54.0,45.0
2017-01-05,28.0,36.0,32.0
2017-01-06,28.0,35.0,31.5
2017-01-07,22.0,28.0,25.0
2017-01-08,19.0,27.0,23.0
2017-01-09,17.0,24.0,20.5
2017-01-10,23.0,47.0,35.0
2017-01-11,44.0,54.0,49.0
2017-01-12,48.0,68.0,58.0
2017-01-13,34.0,63.0,48.5
2017-01-14,29.0,34.0,31.5
2017-01-15,33.0,41.0,37.0
2017-01-16,31.0,44.0,37.5
2017-01-17,39.0,43.0,41.0
2017-01-18,39.0,45.0,42.0
2017-01-19,41.0,50.0,45.5
2017-01-20,41.0,46.0,43.5
2017-01-21,41.0,51.0,46.0
2017-01-22,43.0,50.0,46.5
2017-01-23,38.0,45.0,41.5
2017-01-24,38.0,41.0,39.5
2017-01-25,39.0,53.0,46.0
2017-01-26,45.0,57.0,51.0
2017-01-27,38.0,45.0,41.5
2017-01-28,36.0,40.0,38.0
2017-01-29,37.0,45.0,41.0
2017-01-30,32.0,38.0,35.0
2017-01-31,28.0,35.0,31.5
2017-02-01,34.0,49.0,41.5
2017-02-02,34.0,46.0,40.0
2017-02-03,28.0,35.0,31.5
2017-02-04,24.0,36.0,30.0
2017-02-05,33.0,45.0,39.0
2017-02-06,38.0,50.0,44.0
2017-02-07,38.0,43.0,40.5
2017-02-08,39.0,62.0,50.5
2017-02-09,19.0,44.0,31.5
2017-02-10,19.0,34.0,26.5
2017-02-11,31.0,49.0,40.0
2017-02-12,32.0,40.0,36.0
2017-02-13,33.0,42.0,37.5
2017-02-14,31.0,42.0,36.5
2017-02-15,36.0,50.0,43.0
2017-02-16,31.0,38.0,34.5
2017-02-17,29.0,44.0,36.5
2017-02-18,36.0,65.0,50.5
2017-02-19,53.0,66.0,59.5
2017-02-20,40.0,55.0,47.5
2017-02-21,36.0,47.0,41.5
2017-02-22,44.0,59.0,51.5
2017-02-23,42.0,65.0,53.5
2017-02-24,49.0,70.0,59.5
2017-02-25,47.0,65.0,56.0
2017-02-26,39.0,47.0,43.0
2017-02-27,37.0,54.0,45.5
2017-02-28,44.0,58.0,51.0
2017-03-01,53.0,71.0,62.0
2017-03-02,38.0,66.0,52.0
2017-03-03,27.0,42.0,34.5
2017-03-04,19.0,32.0,25.5
2017-03-05,17.0,38.0,27.5
2017-03-06,28.0,45.0,36.5
2017-03-07,43.0,53.0,48.0
2017-03-08,49.0,62.0,55.5
2017-03-09,49.0,65.0,57.0
2017-03-10,27.0,49.0,38.0
2017-03-11,20.0,31.0,25.5
2017-03-12,22.0,32.0,27.0
2017-03-13,23.0,37.0,30.0
2017-03-14,24.0,34.0,29.0
2017-03-15,23.0,30.0,26.5
2017-03-16,27.0,41.0,34.0
2017-03-17,32.0,49.0,40.5
2017-03-18,34.0,41.0,37.5
2017-03-19,36.0,48.0,42.0
2017-03-20,37.0,54.0,45.5
2017-03-21,45.0,62.0,53.5
2017-03-22,26.0,51.0,38.5
2017-03-23,26.0,45.0,35.5
2017-03-24,38.0,58.0,48.0
2017-03-25,44.0,57.0,50.5
2017-03-26,39.0,44.0,41.5
2017-03-27,39.0,50.0,44.5
2017-03-28,42.0,45.0,43.5
2017-03-29,44.0,59.0,51.5
2017-03-30,41.0,53.0,47.0
2017-03-31,40.0,46.0,43.0
2017-04-01,39.0,48.0,43.5
2017-04-02,43.0,63.0,53.0
2017-04-03,48.0,63.0,55.5
2017-04-04,45.0,54.0,49.5
2017-04-05,45.0,63.0,54.0
2017-04-06,43.0,54.0,48.5
2017-04-07,43.0,53.0,48.0
2017-04-08,42.0,58.0,50.0
2017-04-09,46.0,68.0,57.0
2017-04-10,52.0,73.0,62.5
2017-04-11,57.0,78.0,67.5
2017-04-12,54.0,77.0,65.5
2017-04-13,50.0,66.0,58.0
2017-04-14,50.0,66.0,58.0
2017-04-15,52.0,63.0,57.5
2017-04-16,60.0,88.0,74.0
2017-04-17,59.0,73.0,66.0
2017-04-18,49.0,65.0,57.0
2017-04-19,46.0,54.0,50.0
2017-04-20,49.0,66.0,57.5
2017-04-21,48.0,54.0,51.0
2017-04-22,49.0,56.0,52.5
2017-04-23,48.0,65.0,56.5
2017-04-24,48.0,59.0,53.5
2017-04-25,50.0,57.0,53.5
2017-04-26,53.0,62.0,57.5
2017-04-27,56.0,69.0,62.5
2017-04-28,55.0,85.0,70.0
2017-04-29,65.0,88.0,76.5
2017-04-30,53.0,69.0,61.0
2017-05-01,50.0,73.0,61.5
2017-05-02,62.0,78.0,70.0
2017-05-03,55.0,67.0,61.0
2017-05-04,51.0,66.0,58.5
2017-05-05,53.0,64.0,58.5
2017-05-06,56.0,67.0,61.5
2017-05-07,50.0,58.0,54.0
2017-05-08,48.0,62.0,55.0
2017-05-09,49.0,64.0,56.5
2017-05-10,52.0,65.0,58.5
2017-05-11,52.0,64.0,58.0
2017-05-12,52.0,64.0,58.0
2017-05-13,47.0,55.0,51.0
2017-05-14,47.0,70.0,58.5
2017-05-15,54.0,70.0,62.0
2017-05-16,59.0,83.0,71.0
2017-05-17,66.0,94.0,80.0
2017-05-18,80.0,97.0,88.5
2017-05-19,68.0,96.0,82.0
2017-05-20,58.0,68.0,63.0
2017-05-21,57.0,71.0,64.0
2017-05-22,57.0,63.0,60.0
2017-05-23,59.0,70.0,64.5
2017-05-24,57.0,69.0,63.0
2017-05-25,56.0,59.0,57.5
2017-05-26,57.0,76.0,66.5
2017-05-27,62.0,72.0,67.0
2017-05-28,58.0,71.0,64.5
2017-05-29,56.0,62.0,59.0
2017-05-30,55.0,64.0,59.5
2017-05-31,58.0,78.0,68.0
2017-06-01,60.0,82.0,71.0
2017-06-02,60.0,79.0,69.5
2017-06-03,59.0,74.0,66.5
2017-06-04,59.0,71.0,65.0
2017-06-05,58.0,67.0,62.5
2017-06-06,52.0,59.0,55.5
2017-06-07,52.0,70.0,61.0
2017-06-08,57.0,71.0,64.0
2017-06-09,56.0,83.0,69.5
2017-06-10,67.0,88.0,77.5
2017-06-11,75.0,94.0,84.5
2017-06-12,76.0,96.0,86.0
2017-06-13,80.0,101.0,90.5
2017-06-14,70.0,83.0,76.5
2017-06-15,64.0,76.0,70.0
2017-06-16,63.0,70.0,66.5
2017-06-17,64.0,74.0,69.0
2017-06-18,70.0,84.0,77.0
2017-06-19,70.0,87.0,78.5
2017-06-20,70.0,86.0,78.0
2017-06-21,75.0,87.0,81.0
2017-06-22,68.0,84.0,76.0
2017-06-23,77.0,87.0,82.0
2017-06-24,70.0,86.0,78.0
2017-06-25,70.0,84.0,77.0
2017-06-26,67.0,81.0,74.0
2017-06-27,62.0,79.0,70.5
2017-06-28,64.0,81.0,72.5
2017-06-29,69.0,83.0,76.0
2017-06-30,75.0,89.0,82.0
2017-07-01,74.0,85.0,79.5
2017-07-02,73.0,91.0,82.0
2017-07-03,73.0,90.0,81.5
2017-07-04,70.0,87.0,78.5
2017-07-05,70.0,85.0,77.5
2017-07-06,69.0,81.0,75.0
2017-07-07,68.0,82.0,75.0
2017-07-08,71.0,87.0,79.0
2017-07-09,70.0,85.0,77.5
2017-07-10,72.0,88.0,80.0
2017-07-11,75.0,89.0,82.0
2017-07-12,78.0,91.0,84.5
2017-07-13,73.0,94.0,83.5
2017-07-14,65.0,73.0,69.0
2017-07-15,67.0,86.0,76.5
2017-07-16,71.0,86.0,78.5
2017-07-17,75.0,87.0,81.0
2017-07-18,76.0,88.0,82.0
2017-07-19,78.0,94.0,86.0
2017-07-20,77.0,98.0,87.5
2017-07-21,77.0,94.0,85.5
2017-07-22,73.0,91.0,82.0
2017-07-23,72.0,80.0,76.0
2017-07-24,64.0,73.0,68.5
2017-07-25,62.0,71.0,66.5
2017-07-26,65.0,78.0,71.5
2017-07-27,67.0,78.0,72.5
2017-07-28,71.0,84.0,77.5
2017-07-29,68.0,76.0,72.0
2017-07-30,66.0,82.0,74.0
2017-07-31,70.0,89.0,79.5
2017-08-01,72.0,91.0,81.5
2017-08-02,69.0,88.0,78.5
2017-08-03,70.0,87.0,78.5
2017-08-04,71.0,85.0,78.0
2017-08-05,70.0,80.0,75.0
2017-08-06,66.0,78.0,72.0
2017-08-07,66.0,73.0,69.5
2017-08-08,65.0,80.0,72.5
2017-08-09,68.0,85.0,76.5
2017-08-10,71.0,86.0,78.5
2017-08-11,72.0,82.0,77.0
2017-08-12,65.0,78.0,71.5
2017-08-13,72.0,85.0,78.5
2017-08-14,71.0,83.0,77.0
2017-08-15,69.0,76.0,72.5
2017-08-16,71.0,86.0,78.5
2017-08-17,70.0,82.0,76.0
2017-08-18,73.0,83.0,78.0
2017-08-19,75.0,89.0,82.0
2017-08-20,71.0,83.0,77.0
2017-08-21,75.0,88.0,81.5
2017-08-22,74.0,91.0,82.5
2017-08-23,74.0,82.0,78.0
2017-08-24,69.0,81.0,75.0
2017-08-25,66.0,78.0,72.0
2017-08-26,64.0,77.0,70.5
2017-08-27,64.0,77.0,70.5
2017-08-28,64.0,75.0,69.5
2017-08-29,61.0,69.0,65.0
2017-08-30,61.0,80.0,70.5
2017-08-31,66.0,82.0,74.0
2017-09-01,56.0,72.0,64.0
2017-09-02,56.0,68.0,62.0
2017-09-03,59.0,72.0,65.5
2017-09-04,64.0,82.0,73.0
2017-09-05,71.0,85.0,78.0
2017-09-06,61.0,74.0,67.5
2017-09-07,61.0,75.0,68.0
2017-09-08,61.0,73.0,67.0
2017-09-09,58.0,69.0,63.5
2017-09-10,59.0,73.0,66.0
2017-09-11,59.0,78.0,68.5
2017-09-12,63.0,82.0,72.5
2017-09-13,67.0,84.0,75.5
2017-09-14,70.0,83.0,76.5
2017-09-15,70.0,82.0,76.0
2017-09-16,69.0,80.0,74.5
2017-09-17,69.0,81.0,75.0
2017-09-18,68.0,74.0,71.0
2017-09-19,69.0,78.0,73.5
2017-09-20,71.0,78.0,74.5
2017-09-21,72.0,79.0,75.5
2017-09-22,68.0,81.0,74.5
2017-09-23,70.0,86.0,78.0
2017-09-24,71.0,91.0,81.0
2017-09-25,71.0,86.0,78.5
2017-09-26,68.0,81.0,74.5
2017-09-27,70.0,84.0,77.0
2017-09-28,61.0,77.0,69.0
2017-09-29,57.0,70.0,63.5
2017-09-30,55.0,66.0,60.5
2017-10-01,52.0,70.0,61.0
2017-10-02,56.0,74.0,65.0
2017-10-03,59.0,71.0,65.0
2017-10-04,58.0,75.0,66.5
2017-10-05,66.0,84.0,75.0
2017-10-06,70.0,82.0,76.0
2017-10-07,66.0,82.0,74.0
2017-10-08,71.0,80.0,75.5
2017-10-09,71.0,79.0,75.0
2017-10-10,69.0,81.0,75.0
2017-10-11,62.0,78.0,70.0
2017-10-12,56.0,65.0,60.5
2017-10-13,53.0,68.0,60.5
2017-10-14,62.0,73.0,67.5
2017-10-15,66.0,75.0,70.5
2017-10-16,48.0,71.0,59.5
2017-10-17,45.0,61.0,53.0
2017-10-18,52.0,74.0,63.0
2017-10-19,58.0,72.0,65.0
2017-10-20,62.0,74.0,68.0
2017-10-21,58.0,79.0,68.5
2017-10-22,58.0,76.0,67.0
2017-10-23,61.0,75.0,68.0
2017-10-24,67.0,76.0,71.5
2017-10-25,59.0,68.0,63.5
2017-10-26,52.0,59.0,55.5
2017-10-27,51.0,63.0,57.0
2017-10-28,54.0,68.0,61.0
2017-10-29,61.0,68.0,64.5
2017-10-30,47.0,62.0,54.5
2017-10-31,48.0,58.0,53.0
2017-11-01,47.0,59.0,53.0
2017-11-02,58.0,72.0,65.0
2017-11-03,53.0,75.0,64.0
2017-11-04,48.0,56.0,52.0
2017-11-05,52.0,62.0,57.0
2017-11-06,48.0,66.0,57.0
2017-11-07,41.0,51.0,46.0
2017-11-08,40.0,50.0,45.0
2017-11-09,42.0,56.0,49.0
2017-11-10,27.0,53.0,40.0
2017-11-11,26.0,39.0,32.5
2017-11-12,34.0,47.0,40.5
2017-11-13,42.0,50.0,46.0
2017-11-14,39.0,47.0,43.0
2017-11-15,38.0,51.0,44.5
2017-11-16,45.0,59.0,52.0
2017-11-17,41.0,49.0,45.0
2017-11-18,36.0,56.0,46.0
2017-11-19,40.0,60.0,50.0
2017-11-20,37.0,48.0,42.5
2017-11-21,43.0,59.0,51.0
2017-11-22,37.0,55.0,46.0
2017-11-23,34.0,45.0,39.5
2017-11-24,37.0,51.0,44.0
2017-11-25,42.0,58.0,50.0
2017-11-26,42.0,53.0,47.5
2017-11-27,42.0,52.0,47.0
2017-11-28,37.0,53.0,45.0
2017-11-29,44.0,64.0,54.0
2017-11-30,40.0,54.0,47.0
2017-12-01,43.0,53.0,48.0
2017-12-02,40.0,48.0,44.0
2017-12-03,42.0,48.0,45.0
2017-12-04,40.0,52.0,46.0
2017-12-05,50.0,60.0,55.0
2017-12-06,41.0,59.0,50.0
2017-12-07,40.0,46.0,43.0
2017-12-08,36.0,41.0,38.5
2017-12-09,31.0,37.0,34.0
2017-12-10,32.0,40.0,36.0
2017-12-11,35.0,43.0,39.0
2017-12-12,32.0,51.0,41.5
2017-12-13,22.0,33.0,27.5
2017-12-14,24.0,33.0,28.5
2017-12-15,23.0,30.0,26.5
2017-12-16,25.0,40.0,32.5
2017-12-17,33.0,37.0,35.0
2017-12-18,34.0,48.0,41.0
2017-12-19,46.0,56.0,51.0
2017-12-20,36.0,53.0,44.5
2017-12-21,34.0,41.0,37.5
2017-12-22,36.0,51.0,43.5
2017-12-23,38.0,53.0,45.5
2017-12-24,36.0,41.0,38.5
2017-12-25,28.0,39.0,33.5
2017-12-26,24.0,29.0,26.5
2017-12-27,18.0,25.0,21.5
2017-12-28,12.0,19.0,15.5
2017-12-29,12.0,22.0,17.0
2017-12-30,18.0,24.0,21.0
2017-12-31,10.0,22.0,16.0
2018-01-01,8.0,19.0,13.5
2018-01-02,14.0,26.0,20.0
2018-01-03,17.0,30.0,23.5
2018-01-04,20.0,29.0,24.5
2018-01-05,10.0,20.0,15.0
2018-01-06,8.0,15.0,11.5
2018-01-07,6.0,18.0,12.0
2018-01-08,18.0,33.0,25.5
2018-01-09,30.0,43.0,36.5
2018-01-10,26.0,40.0,33.0
2018-01-11,35.0,47.0,41.0
2018-01-12,37.0,60.0,48.5
2018-01-13,20.0,53.0,36.5
2018-01-14,15.0,24.0,19.5
2018-01-15,16.0,30.0,23.0
2018-01-16,24.0,34.0,29.0
2018-01-17,23.0,36.0,29.5
2018-01-18,20.0,33.0,26.5
2018-01-19,26.0,40.0,33.0
2018-01-20,37.0,54.0,45.5
2018-01-21,42.0,52.0,47.0
2018-01-22,36.0,45.0,40.5
2018-01-23,36.0,60.0,48.0
2018-01-24,28.0,45.0,36.5
2018-01-25,24.0,35.0,29.5
2018-01-26,28.0,39.0,33.5
2018-01-27,35.0,57.0,46.0
2018-01-28,42.0,54.0,48.0
2018-01-29,34.0,44.0,39.0
2018-01-30,26.0,37.0,31.5
2018-01-31,19.0,34.0,26.5
2018-02-01,33.0,45.0,39.0
2018-02-02,18.0,39.0,28.5
2018-02-03,17.0,32.0,24.5
2018-02-04,31.0,47.0,39.0
2018-02-05,28.0,41.0,34.5
2018-02-06,28.0,38.0,33.0
2018-02-07,30.0,47.0,38.5
2018-02-08,26.0,34.0,30.0
2018-02-09,28.0,39.0,33.5
2018-02-10,38.0,51.0,44.5
2018-02-11,42.0,60.0,51.0
2018-02-12,34.0,63.0,48.5
2018-02-13,27.0,38.0,32.5
2018-02-14,36.0,54.0,45.0
2018-02-15,47.0,61.0,54.0
2018-02-16,37.0,59.0,48.0
2018-02-17,30.0,39.0,34.5
2018-02-18,33.0,45.0,39.0
2018-02-19,33.0,49.0,41.0
2018-02-20,47.0,70.0,58.5
2018-02-21,50.0,79.0,64.5
2018-02-22,37.0,58.0,47.5
2018-02-23,36.0,44.0,40.0
2018-02-24,43.0,54.0,48.5
2018-02-25,40.0,45.0,42.5
2018-02-26,44.0,52.0,48.0
2018-02-27,40.0,57.0,48.5
2018-02-28,42.0,62.0,52.0
2018-03-01,43.0,59.0,51.0
2018-03-02,36.0,44.0,40.0
2018-03-03,38.0,47.0,42.5
2018-03-04,35.0,44.0,39.5
2018-03-05,35.0,42.0,38.5
2018-03-06,34.0,47.0,40.5
2018-03-07,34.0,39.0,36.5
2018-03-08,34.0,42.0,38.0
2018-03-09,31.0,44.0,37.5
2018-03-10,33.0,41.0,37.0
2018-03-11,34.0,46.0,40.0
2018-03-12,33.0,43.0,38.0
2018-03-13,34.0,42.0,38.0
2018-03-14,32.0,42.0,37.0
2018-03-15,34.0,48.0,41.0
2018-03-16,32.0,40.0,36.0
2018-03-17,29.0,48.0,38.5
2018-03-18,30.0,44.0,37.0
2018-03-19,34.0,47.0,40.5
2018-03-20,31.0,39.0,35.0
2018-03-21,32.0,40.0,36.0
2018-03-22,33.0,51.0,42.0
2018-03-23,37.0,50.0,43.5
2018-03-24,37.0,51.0,44.0
2018-03-25,35.0,44.0,39.5
2018-03-26,34.0,50.0,42.0
2018-03-27,35.0,45.0,40.0
2018-03-28,39.0,52.0,45.5
2018-03-29,46.0,53.0,49.5
2018-03-30,43.0,60.0,51.5
2018-03-31,40.0,57.0,48.5
2018-04-01,43.0,59.0,51.0
2018-04-02,32.0,43.0,37.5
2018-04-03,39.0,44.0,41.5
2018-04-04,41.0,57.0,49.0
2018-04-05,35.0,46.0,40.5
2018-04-06,37.0,62.0,49.5
2018-04-07,38.0,49.0,43.5
2018-04-08,33.0,45.0,39.0
2018-04-09,33.0,49.0,41.0
2018-04-10,40.0,50.0,45.0
2018-04-11,38.0,52.0,45.0
2018-04-12,46.0,60.0,53.0
2018-04-13,59.0,82.0,70.5
2018-04-14,45.0,69.0,57.0
2018-04-15,39.0,46.0,42.5
2018-04-16,40.0,61.0,50.5
2018-04-17,40.0,47.0,43.5
2018-04-18,39.0,55.0,47.0
2018-04-19,40.0,48.0,44.0
2018-04-20,38.0,50.0,44.0
2018-04-21,41.0,62.0,51.5
2018-04-22,46.0,65.0,55.5
2018-04-23,45.0,65.0,55.0
2018-04-24,46.0,66.0,56.0
2018-04-25,50.0,61.0,55.5
2018-04-26,53.0,70.0,61.5
2018-04-27,49.0,57.0,53.0
2018-04-28,51.0,66.0,58.5
2018-04-29,48.0,58.0,53.0
2018-04-30,44.0,52.0,48.0
2018-05-01,50.0,82.0,66.0
2018-05-02,65.0,90.0,77.5
2018-05-03,70.0,93.0,81.5
2018-05-04,68.0,84.0,76.0
2018-05-05,61.0,76.0,68.5
2018-05-06,54.0,68.0,61.0
2018-05-07,56.0,75.0,65.5
2018-05-08,54.0,72.0,63.0
2018-05-09,54.0,74.0,64.0
2018-05-10,56.0,66.0,61.0
2018-05-11,60.0,73.0,66.5
2018-05-12,53.0,64.0,58.5
2018-05-13,52.0,56.0,54.0
2018-05-14,52.0,71.0,61.5
2018-05-15,60.0,92.0,76.0
2018-05-16,55.0,65.0,60.0
2018-05-17,55.0,73.0,64.0
2018-05-18,56.0,67.0,61.5
2018-05-19,50.0,56.0,53.0
2018-05-20,55.0,84.0,69.5
2018-05-21,60.0,79.0,69.5
2018-05-22,56.0,70.0,63.0
2018-05-23,57.0,82.0,69.5
2018-05-24,66.0,86.0,76.0
2018-05-25,68.0,89.0,78.5
2018-05-26,75.0,92.0,83.5
2018-05-27,56.0,82.0,69.0
2018-05-28,56.0,70.0,63.0
2018-05-29,63.0,87.0,75.0
2018-05-30,60.0,77.0,68.5
2018-05-31,62.0,70.0,66.0
2018-06-01,63.0,82.0,72.5
2018-06-02,67.0,87.0,77.0
2018-06-03,53.0,67.0,60.0
2018-06-04,52.0,72.0,62.0
2018-06-05,59.0,77.0,68.0
2018-06-06,60.0,71.0,65.5
2018-06-07,61.0,71.0,66.0
2018-06-08,62.0,83.0,72.5
2018-06-09,69.0,81.0,75.0
2018-06-10,61.0,73.0,67.0
2018-06-11,60.0,73.0,66.5
2018-06-12,60.0,75.0,67.5
2018-06-13,65.0,81.0,73.0
2018-06-14,70.0,86.0,78.0
2018-06-15,65.0,77.0,71.0
2018-06-16,67.0,86.0,76.5
2018-06-17,67.0,91.0,79.0
2018-06-18,74.0,92.0,83.0
2018-06-19,76.0,89.0,82.5
2018-06-20,69.0,84.0,76.5
2018-06-21,66.0,86.0,76.0
2018-06-22,64.0,75.0,69.5
2018-06-23,62.0,67.0,64.5
2018-06-24,65.0,88.0,76.5
2018-06-25,68.0,82.0,75.0
2018-06-26,64.0,77.0,70.5
2018-06-27,68.0,75.0,71.5
2018-06-28,71.0,87.0,79.0
2018-06-29,72.0,92.0,82.0
2018-06-30,73.0,96.0,84.5
2018-07-01,79.0,97.0,88.0
2018-07-02,77.0,95.0,86.0
2018-07-03,79.0,91.0,85.0
2018-07-04,78.0,90.0,84.0
2018-07-05,78.0,90.0,84.0
2018-07-06,70.0,83.0,76.5
2018-07-07,64.0,78.0,71.0
2018-07-08,67.0,84.0,75.5
2018-07-09,69.0,90.0,79.5
2018-07-10,74.0,97.0,85.5
2018-07-11,76.0,87.0,81.5
2018-07-12,67.0,85.0,76.0
2018-07-13,71.0,86.0,78.5
2018-07-14,72.0,91.0,81.5
2018-07-15,71.0,87.0,79.0
2018-07-16,77.0,93.0,85.0
2018-07-17,72.0,89.0,80.5
2018-07-18,71.0,85.0,78.0
2018-07-19,68.0,83.0,75.5
2018-07-20,70.0,84.0,77.0
2018-07-21,67.0,79.0,73.0
2018-07-22,72.0,84.0,78.0
2018-07-23,75.0,86.0,80.5
2018-07-24,77.0,87.0,82.0
2018-07-25,74.0,81.0,77.5
2018-07-26,74.0,89.0,81.5
2018-07-27,73.0,90.0,81.5
2018-07-28,72.0,89.0,80.5
2018-07-29,73.0,84.0,78.5
2018-07-30,73.0,82.0,77.5
2018-07-31,71.0,83.0,77.0
2018-08-01,75.0,93.0,84.0
2018-08-02,78.0,92.0,85.0
2018-08-03,76.0,87.0,81.5
2018-08-04,74.0,89.0,81.5
2018-08-05,77.0,94.0,85.5
2018-08-06,81.0,95.0,88.0
2018-08-07,76.0,92.0,84.0
2018-08-08,77.0,93.0,85.0
2018-08-09,75.0,90.0,82.5
2018-08-10,76.0,91.0,83.5
2018-08-11,71.0,83.0,77.0
2018-08-12,73.0,84.0,78.5
2018-08-13,72.0,75.0,73.5
2018-08-14,72.0,87.0,79.5
2018-08-15,73.0,91.0,82.0
2018-08-16,79.0,93.0,86.0
2018-08-17,74.0,91.0,82.5
2018-08-18,72.0,90.0,81.0
2018-08-19,70.0,75.0,72.5
2018-08-20,68.0,77.0,72.5
2018-08-21,68.0,81.0,74.5
2018-08-22,73.0,87.0,80.0
2018-08-23,68.0,80.0,74.0
2018-08-24,70.0,85.0,77.5
2018-08-25,71.0,81.0,76.0
2018-08-26,71.0,85.0,78.0
2018-08-27,77.0,91.0,84.0
2018-08-28,81.0,98.0,89.5
2018-08-29,84.0,97.0,90.5
2018-08-30,79.0,91.0,85.0
2018-08-31,72.0,79.0,75.5
2018-09-01,70.0,79.0,74.5
2018-09-02,70.0,82.0,76.0
2018-09-03,77.0,93.0,85.0
2018-09-04,80.0,93.0,86.5
2018-09-05,79.0,91.0,85.0
2018-09-06,76.0,96.0,86.0
2018-09-07,71.0,77.0,74.0
2018-09-08,63.0,73.0,68.0
2018-09-09,59.0,66.0,62.5
2018-09-10,57.0,67.0,62.0
2018-09-11,64.0,75.0,69.5
2018-09-12,72.0,78.0,75.0
2018-09-13,70.0,77.0,73.5
2018-09-14,70.0,77.0,73.5
2018-09-15,69.0,82.0,75.5
2018-09-16,70.0,86.0,78.0
2018-09-17,71.0,80.0,75.5
2018-09-18,72.0,83.0,77.5
2018-09-19,69.0,82.0,75.5
2018-09-20,66.0,73.0,69.5
2018-09-21,68.0,74.0,71.0
2018-09-22,64.0,76.0,70.0
2018-09-23,62.0,68.0,65.0
2018-09-24,60.0,72.0,66.0
2018-09-25,60.0,78.0,69.0
2018-09-26,72.0,83.0,77.5
2018-09-27,63.0,75.0,69.0
2018-09-28,58.0,66.0,62.0
2018-09-29,59.0,75.0,67.0
2018-09-30,58.0,73.0,65.5
2018-10-01,65.0,78.0,71.5
2018-10-02,67.0,79.0,73.0
2018-10-03,66.0,77.0,71.5
2018-10-04,64.0,79.0,71.5
2018-10-05,61.0,73.0,67.0
2018-10-06,64.0,70.0,67.0
2018-10-07,70.0,82.0,76.0
2018-10-08,65.0,73.0,69.0
2018-10-09,67.0,78.0,72.5
2018-10-10,71.0,82.0,76.5
2018-10-11,71.0,80.0,75.5
2018-10-12,54.0,72.0,63.0
2018-10-13,49.0,59.0,54.0
2018-10-14,51.0,60.0,55.5
2018-10-15,55.0,70.0,62.5
2018-10-16,49.0,62.0,55.5
2018-10-17,48.0,64.0,56.0
2018-10-18,44.0,53.0,48.5
2018-10-19,45.0,63.0,54.0
2018-10-20,54.0,65.0,59.5
2018-10-21,43.0,54.0,48.5
2018-10-22,42.0,52.0,47.0
2018-10-23,47.0,67.0,57.0
2018-10-24,46.0,56.0,51.0
2018-10-25,43.0,52.0,47.5
2018-10-26,42.0,50.0,46.0
2018-10-27,45.0,53.0,49.0
2018-10-28,47.0,54.0,50.5
2018-10-29,49.0,58.0,53.5
2018-10-30,45.0,57.0,51.0
2018-10-31,45.0,64.0,54.5
2018-11-01,57.0,71.0,64.0
2018-11-02,63.0,69.0,66.0
2018-11-03,51.0,66.0,58.5
2018-11-04,46.0,57.0,51.5
2018-11-05,49.0,55.0,52.0
2018-11-06,50.0,61.0,55.5
2018-11-07,53.0,65.0,59.0
2018-11-08,46.0,58.0,52.0
2018-11-09,43.0,54.0,48.5
2018-11-10,38.0,51.0,44.5
2018-11-11,36.0,48.0,42.0
2018-11-12,38.0,50.0,44.0
2018-11-13,43.0,53.0,48.0
2018-11-14,33.0,43.0,38.0
2018-11-15,30.0,41.0,35.5
2018-11-16,36.0,46.0,41.0
2018-11-17,40.0,48.0,44.0
2018-11-18,40.0,44.0,42.0
2018-11-19,40.0,52.0,46.0
2018-11-20,41.0,47.0,44.0
2018-11-21,28.0,45.0,36.5
2018-11-22,19.0,29.0,24.0
2018-11-23,17.0,32.0,24.5
2018-11-24,32.0,49.0,40.5
2018-11-25,47.0,56.0,51.5
2018-11-26,44.0,54.0,49.0
2018-11-27,38.0,48.0,43.0
2018-11-28,37.0,42.0,39.5
2018-11-29,40.0,46.0,43.0
2018-11-30,39.0,43.0,41.0
2018-12-01,38.0,45.0,41.5
2018-12-02,42.0,57.0,49.5
2018-12-03,46.0,56.0,51.0
2018-12-04,31.0,46.0,38.5
2018-12-05,29.0,39.0,34.0
2018-12-06,32.0,41.0,36.5
2018-12-07,29.0,40.0,34.5
2018-12-08,26.0,36.0,31.0
2018-12-09,30.0,37.0,33.5
2018-12-10,30.0,40.0,35.0
2018-12-11,30.0,41.0,35.5
2018-12-12,34.0,41.0,37.5
2018-12-13,33.0,42.0,37.5
2018-12-14,40.0,52.0,46.0
2018-12-15,46.0,50.0,48.0
2018-12-16,36.0,46.0,41.0
2018-12-17,38.0,46.0,42.0
2018-12-18,29.0,41.0,35.0
2018-12-19,27.0,42.0,34.5
2018-12-20,34.0,46.0,40.0
2018-12-21,44.0,62.0,53.0
2018-12-22,41.0,53.0,47.0
2018-12-23,37.0,44.0,40.5
2018-12-24,36.0,43.0,39.5
2018-12-25,34.0,41.0,37.5
2018-12-26,33.0,43.0,38.0
2018-12-27,39.0,43.0,41.0
2018-12-28,43.0,58.0,50.5
2018-12-29,40.0,57.0,48.5
2018-12-30,32.0,40.0,36.0
2018-12-31,35.0,47.0,41.0
2019-01-01,40.0,60.0,50.0
2019-01-02,35.0,41.0,38.0
2019-01-03,39.0,45.0,42.0
2019-01-04,37.0,47.0,42.0
2019-01-05,42.0,47.0,44.5
2019-01-06,32.0,49.0,40.5
2019-01-07,26.0,35.0,30.5
2019-01-08,35.0,47.0,41.0
2019-01-09,35.0,46.0,40.5
2019-01-10,30.0,35.0,32.5
2019-01-11,22.0,32.0,27.0
2019-01-12,21.0,34.0,27.5
2019-01-13,25.0,33.0,29.0
2019-01-14,22.0,35.0,28.5
2019-01-15,26.0,36.0,31.0
2019-01-16,31.0,40.0,35.5
2019-01-17,26.0,34.0,30.0
2019-01-18,29.0,42.0,35.5
2019-01-19,32.0,39.0,35.5
2019-01-20,16.0,40.0,28.0
2019-01-21,5.0,16.0,10.5
2019-01-22,14.0,31.0,22.5
2019-01-23,30.0,47.0,38.5
2019-01-24,35.0,57.0,46.0
2019-01-25,29.0,40.0,34.5
2019-01-26,25.0,35.0,30.0
2019-01-27,29.0,49.0,39.0
2019-01-28,25.0,39.0,32.0
2019-01-29,25.0,44.0,34.5
2019-01-30,7.0,36.0,21.5
2019-01-31,3.0,17.0,10.0
2019-02-01,12.0,22.0,17.0
2019-02-02,18.0,35.0,26.5
2019-02-03,31.0,52.0,41.5
2019-02-04,36.0,59.0,47.5
2019-02-05,36.0,65.0,50.5
2019-02-06,35.0,46.0,40.5
2019-02-07,37.0,44.0,40.5
2019-02-08,33.0,55.0,44.0
2019-02-09,24.0,33.0,28.5
2019-02-10,24.0,36.0,30.0
2019-02-11,31.0,37.0,34.0
2019-02-12,26.0,35.0,30.5
2019-02-13,33.0,42.0,37.5
2019-02-14,33.0,46.0,39.5
2019-02-15,41.0,56.0,48.5
2019-02-16,32.0,46.0,39.0
2019-02-17,26.0,37.0,31.5
2019-02-18,26.0,42.0,34.0
2019-02-19,24.0,36.0,30.0
2019-02-20,26.0,32.0,29.0
2019-02-21,32.0,52.0,42.0
2019-02-22,37.0,43.0,40.0
2019-02-23,32.0,39.0,35.5
2019-02-24,35.0,47.0,41.0
2019-02-25,28.0,43.0,35.5
2019-02-26,25.0,37.0,31.0
2019-02-27,23.0,29.0,26.0
2019-02-28,26.0,36.0,31.0
2019-03-01,25.0,36.0,30.5
2019-03-02,30.0,41.0,35.5
2019-03-03,32.0,43.0,37.5
2019-03-04,28.0,39.0,33.5
2019-03-05,21.0,32.0,26.5
2019-03-06,19.0,27.0,23.0
2019-03-07,19.0,33.0,26.0
2019-03-08,24.0,38.0,31.0
2019-03-09,34.0,47.0,40.5
2019-03-10,34.0,44.0,39.0
2019-03-11,39.0,53.0,46.0
2019-03-12,34.0,43.0,38.5
2019-03-13,32.0,46.0,39.0
2019-03-14,41.0,57.0,49.0
2019-03-15,48.0,72.0,60.0
2019-03-16,37.0,59.0,48.0
2019-03-17,34.0,45.0,39.5
2019-03-18,33.0,46.0,39.5
2019-03-19,36.0,49.0,42.5
2019-03-20,37.0,51.0,44.0
2019-03-21,40.0,45.0,42.5
2019-03-22,38.0,49.0,43.5
2019-03-23,35.0,48.0,41.5
2019-03-24,38.0,60.0,49.0
2019-03-25,42.0,58.0,50.0
2019-03-26,33.0,48.0,40.5
2019-03-27,34.0,44.0,39.0
2019-03-28,37.0,51.0,44.0
2019-03-29,47.0,59.0,53.0
2019-03-30,46.0,65.0,55.5
2019-03-31,39.0,60.0,49.5
2019-04-01,33.0,46.0,39.5
2019-04-02,37.0,50.0,43.5
2019-04-03,41.0,67.0,54.0
2019-04-04,44.0,59.0,51.5
2019-04-05,39.0,45.0,42.0
2019-04-06,39.0,66.0,52.5
2019-04-07,47.0,63.0,55.0
2019-04-08,47.0,79.0,63.0
2019-04-09,43.0,50.0,46.5
2019-04-10,44.0,58.0,51.0
2019-04-11,40.0,52.0,46.0
2019-04-12,45.0,66.0,55.5
2019-04-13,58.0,75.0,66.5
2019-04-14,56.0,70.0,63.0
2019-04-15,45.0,62.0,53.5
2019-04-16,44.0,64.0,54.0
2019-04-17,47.0,61.0,54.0
2019-04-18,50.0,63.0,56.5
2019-04-19,55.0,76.0,65.5
2019-04-20,54.0,63.0,58.5
2019-04-21,51.0,64.0,57.5
2019-04-22,49.0,60.0,54.5
2019-04-23,54.0,75.0,64.5
2019-04-24,54.0,68.0,61.0
2019-04-25,49.0,63.0,56.0
2019-04-26,50.0,61.0,55.5
2019-04-27,48.0,57.0,52.5
2019-04-28,46.0,52.0,49.0
2019-04-29,44.0,59.0,51.5
2019-04-30,48.0,57.0,52.5
2019-05-01,48.0,55.0,51.5
2019-05-02,47.0,71.0,59.0
2019-05-03,48.0,52.0,50.0
2019-05-04,50.0,68.0,59.0
2019-05-05,49.0,54.0,51.5
2019-05-06,49.0,67.0,58.0
2019-05-07,51.0,65.0,58.0
2019-05-08,54.0,68.0,61.0
2019-05-09,52.0,61.0,56.5
2019-05-10,56.0,73.0,64.5
2019-05-11,57.0,70.0,63.5
2019-05-12,44.0,59.0,51.5
2019-05-13,42.0,50.0,46.0
2019-05-14,44.0,52.0,48.0
2019-05-15,47.0,69.0,58.0
2019-05-16,55.0,73.0,64.0
2019-05-17,63.0,78.0,70.5
2019-05-18,59.0,75.0,67.0
2019-05-19,60.0,76.0,68.0
2019-05-20,65.0,89.0,77.0
2019-05-21,57.0,71.0,64.0
2019-05-22,57.0,76.0,66.5
2019-05-23,58.0,75.0,66.5
2019-05-24,63.0,74.0,68.5
2019-05-25,57.0,70.0,63.5
2019-05-26,62.0,89.0,75.5
2019-05-27,66.0,81.0,73.5
2019-05-28,62.0,71.0,66.5
2019-05-29,56.0,68.0,62.0
2019-05-30,56.0,68.0,62.0
2019-05-31,61.0,81.0,71.0
2019-06-01,63.0,80.0,71.5
2019-06-02,63.0,83.0,73.0
2019-06-03,60.0,72.0,66.0
2019-06-04,57.0,73.0,65.0
2019-06-05,66.0,82.0,74.0
2019-06-06,71.0,83.0,77.0
2019-06-07,63.0,81.0,72.0
2019-06-08,63.0,80.0,71.5
2019-06-09,61.0,78.0,69.5
2019-06-10,59.0,70.0,64.5
2019-06-11,64.0,77.0,70.5
2019-06-12,62.0,74.0,68.0
2019-06-13,57.0,65.0,61.0
2019-06-14,61.0,76.0,68.5
2019-06-15,62.0,84.0,73.0
2019-06-16,68.0,83.0,75.5
2019-06-17,70.0,76.0,73.0
2019-06-18,65.0,75.0,70.0
2019-06-19,64.0,72.0,68.0
2019-06-20,62.0,78.0,70.0
2019-06-21,65.0,78.0,71.5
2019-06-22,63.0,80.0,71.5
2019-06-23,67.0,86.0,76.5
2019-06-24,70.0,86.0,78.0
2019-06-25,71.0,87.0,79.0
2019-06-26,69.0,90.0,79.5
2019-06-27,72.0,90.0,81.0
2019-06-28,71.0,93.0,82.0
2019-06-29,76.0,94.0,85.0
2019-06-30,71.0,85.0,78.0
2019-07-01,67.0,88.0,77.5
2019-07-02,75.0,88.0,81.5
2019-07-03,75.0,87.0,81.0
2019-07-04,71.0,93.0,82.0
2019-07-05,72.0,85.0,78.5
2019-07-06,76.0,93.0,84.5
2019-07-07,73.0,85.0,79.0
2019-07-08,69.0,82.0,75.5
2019-07-09,71.0,89.0,80.0
2019-07-10,74.0,91.0,82.5
2019-07-11,74.0,86.0,80.0
2019-07-12,74.0,89.0,81.5
2019-07-13,72.0,89.0,80.5
2019-07-14,78.0,92.0,85.0
2019-07-15,72.0,89.0,80.5
2019-07-16,73.0,94.0,83.5
2019-07-17,73.0,95.0,84.0
2019-07-18,71.0,78.0,74.5
2019-07-19,71.0,95.0,83.0
2019-07-20,83.0,99.0,91.0
2019-07-21,83.0,100.0,91.5
2019-07-22,74.0,91.0,82.5
2019-07-23,68.0,77.0,72.5
2019-07-24,69.0,85.0,77.0
2019-07-25,72.0,86.0,79.0
2019-07-26,72.0,88.0,80.0
2019-07-27,75.0,87.0,81.0
2019-07-28,75.0,93.0,84.0
2019-07-29,77.0,94.0,85.5
2019-07-30,81.0,95.0,88.0
2019-07-31,72.0,90.0,81.0
2019-08-01,73.0,88.0,80.5
2019-08-02,73.0,88.0,80.5
2019-08-03,70.0,89.0,79.5
2019-08-04,71.0,88.0,79.5
2019-08-05,71.0,81.0,76.0
2019-08-06,72.0,83.0,77.5
2019-08-07,70.0,87.0,78.5
2019-08-08,70.0,92.0,81.0
2019-08-09,72.0,87.0,79.5
2019-08-10,70.0,83.0,76.5
2019-08-11,68.0,83.0,75.5
2019-08-12,72.0,89.0,80.5
2019-08-13,75.0,80.0,77.5
2019-08-14,72.0,83.0,77.5
2019-08-15,72.0,85.0,78.5
2019-08-16,70.0,83.0,76.5
2019-08-17,73.0,86.0,79.5
2019-08-18,74.0,91.0,82.5
2019-08-19,75.0,93.0,84.0
2019-08-20,76.0,89.0,82.5
2019-08-21,78.0,91.0,84.5
2019-08-22,71.0,93.0,82.0
2019-08-23,66.0,76.0,71.0
2019-08-24,64.0,77.0,70.5
2019-08-25,66.0,77.0,71.5
2019-08-26,61.0,74.0,67.5
2019-08-27,65.0,76.0,70.5
2019-08-28,69.0,76.0,72.5
2019-08-29,69.0,84.0,76.5
2019-08-30,70.0,89.0,79.5
2019-08-31,71.0,82.0,76.5
2019-09-01,65.0,78.0,71.5
2019-09-02,70.0,79.0,74.5
2019-09-03,69.0,82.0,75.5
2019-09-04,70.0,89.0,79.5
2019-09-05,65.0,74.0,69.5
2019-09-06,60.0,69.0,64.5
2019-09-07,58.0,77.0,67.5
2019-09-08,67.0,79.0,73.0
2019-09-09,66.0,77.0,71.5
2019-09-10,68.0,78.0,73.0
2019-09-11,70.0,91.0,80.5
2019-09-12,64.0,83.0,73.5
2019-09-13,60.0,73.0,66.5
2019-09-14,63.0,78.0,70.5
2019-09-15,71.0,85.0,78.0
2019-09-16,70.0,77.0,73.5
2019-09-17,63.0,79.0,71.0
2019-09-18,58.0,70.0,64.0
2019-09-19,54.0,71.0,62.5
2019-09-20,60.0,79.0,69.5
2019-09-21,63.0,86.0,74.5
2019-09-22,68.0,86.0,77.0
2019-09-23,72.0,90.0,81.0
2019-09-24,67.0,76.0,71.5
2019-09-25,62.0,79.0,70.5
2019-09-26,67.0,82.0,74.5
2019-09-27,63.0,78.0,70.5
2019-09-28,67.0,81.0,74.0
2019-09-29,66.0,79.0,72.5
2019-09-30,61.0,72.0,66.5
2019-10-01,64.0,82.0,73.0
2019-10-02,63.0,95.0,79.0
2019-10-03,54.0,67.0,60.5
2019-10-04,50.0,66.0,58.0
2019-10-05,46.0,60.0,53.0
2019-10-06,57.0,71.0,64.0
2019-10-07,60.0,79.0,69.5
2019-10-08,59.0,66.0,62.5
2019-10-09,53.0,61.0,57.0
2019-10-10,53.0,72.0,62.5
2019-10-11,55.0,66.0,60.5
2019-10-12,56.0,69.0,62.5
2019-10-13,56.0,67.0,61.5
2019-10-14,59.0,75.0,67.0
2019-10-15,54.0,66.0,60.0
2019-10-16,54.0,67.0,60.5
2019-10-17,52.0,59.0,55.5
2019-10-18,49.0,59.0,54.0
2019-10-19,47.0,62.0,54.5
2019-10-20,51.0,59.0,55.0
2019-10-21,52.0,68.0,60.0
2019-10-22,55.0,63.0,59.0
2019-10-23,56.0,66.0,61.0
2019-10-24,52.0,68.0,60.0
2019-10-25,53.0,67.0,60.0
2019-10-26,54.0,63.0,58.5
2019-10-27,56.0,70.0,63.0
2019-10-28,54.0,63.0,58.5
2019-10-29,53.0,58.0,55.5
2019-10-30,56.0,60.0,58.0
2019-10-31,59.0,67.0,63.0
2019-11-01,43.0,67.0,55.0
2019-11-02,40.0,50.0,45.0
2019-11-03,44.0,53.0,48.5
2019-11-04,42.0,56.0,49.0
2019-11-05,50.0,61.0,55.5
2019-11-06,48.0,55.0,51.5
2019-11-07,42.0,58.0,50.0
2019-11-08,31.0,42.0,36.5
2019-11-09,30.0,42.0,36.0
2019-11-10,39.0,52.0,45.5
2019-11-11,48.0,62.0,55.0
2019-11-12,27.0,58.0,42.5
2019-11-13,24.0,35.0,29.5
2019-11-14,29.0,45.0,37.0
2019-11-15,38.0,52.0,45.0
2019-11-16,33.0,43.0,38.0
2019-11-17,31.0,44.0,37.5
2019-11-18,38.0,43.0,40.5
2019-11-19,41.0,49.0,45.0
2019-11-20,41.0,49.0,45.0
2019-11-21,39.0,53.0,46.0
2019-11-22,39.0,54.0,46.5
2019-11-23,36.0,46.0,41.0
2019-11-24,40.0,48.0,44.0
2019-11-25,41.0,53.0,47.0
2019-11-26,44.0,60.0,52.0
2019-11-27,46.0,58.0,52.0
2019-11-28,39.0,55.0,47.0
2019-11-29,32.0,42.0,37.0
2019-11-30,32.0,44.0,38.0
2019-12-01,30.0,41.0,35.5
2019-12-02,32.0,39.0,35.5
2019-12-03,32.0,38.0,35.0
2019-12-04,34.0,41.0,37.5
2019-12-05,38.0,43.0,40.5
2019-12-06,36.0,50.0,43.0
2019-12-07,32.0,39.0,35.5
2019-12-08,28.0,44.0,36.0
2019-12-09,41.0,56.0,48.5
2019-12-10,40.0,58.0,49.0
2019-12-11,32.0,41.0,36.5
2019-12-12,27.0,36.0,31.5
2019-12-13,32.0,47.0,39.5
2019-12-14,45.0,56.0,50.5
2019-12-15,38.0,50.0,44.0
2019-12-16,34.0,38.0,36.0
2019-12-17,33.0,37.0,35.0
2019-12-18,23.0,37.0,30.0
2019-12-19,18.0,27.0,22.5
2019-12-20,24.0,34.0,29.0
2019-12-21,24.0,35.0,29.5
2019-12-22,30.0,47.0,38.5
2019-12-23,38.0,57.0,47.5
2019-12-24,36.0,48.0,42.0
2019-12-25,34.0,43.0,38.5
2019-12-26,36.0,46.0,41.0
2019-12-27,42.0,54.0,48.0
2019-12-28,44.0,50.0,47.0
2019-12-29,38.0,44.0,41.0
2019-12-30,38.0,43.0,40.5
2019-12-31,38.0,46.0,42.0
2020-01-01,35.0,42.0,38.5
2020-01-02,34.0,49.0,41.5
2020-01-03,45.0,49.0,47.0
2020-01-04,41.0,50.0,45.5
2020-01-05,36.0,41.0,38.5
2020-01-06,32.0,44.0,38.0
2020-01-07,35.0,44.0,39.5
2020-01-08,28.0,43.0,35.5
2020-01-09,24.0,34.0,29.0
2020-01-10,33.0,53.0,43.0
2020-01-11,48.0,66.0,57.0
2020-01-12,44.0,67.0,55.5
2020-01-13,37.0,45.0,41.0
2020-01-14,39.0,44.0,41.5
2020-01-15,42.0,50.0,46.0
2020-01-16,34.0,50.0,42.0
2020-01-17,21.0,34.0,27.5
2020-01-18,20.0,37.0,28.5
2020-01-19,28.0,43.0,35.5
2020-01-20,21.0,32.0,26.5
2020-01-21,21.0,33.0,27.0
2020-01-22,26.0,39.0,32.5
2020-01-23,30.0,46.0,38.0
2020-01-24,33.0,46.0,39.5
2020-01-25,38.0,52.0,45.0
2020-01-26,39.0,46.0,42.5
2020-01-27,38.0,45.0,41.5
2020-01-28,37.0,42.0,39.5
2020-01-29,31.0,40.0,35.5
2020-01-30,25.0,35.0,30.0
2020-01-31,33.0,42.0,37.5
2020-02-01,37.0,42.0,39.5
2020-02-02,35.0,43.0,39.0
2020-02-03,37.0,56.0,46.5
2020-02-04,39.0,58.0,48.5
2020-02-05,38.0,53.0,45.5
2020-02-06,35.0,41.0,38.0
2020-02-07,33.0,58.0,45.5
2020-02-08,30.0,40.0,35.0
2020-02-09,30.0,42.0,36.0
2020-02-10,42.0,47.0,44.5
2020-02-11,42.0,48.0,45.0
2020-02-12,37.0,45.0,41.0
2020-02-13,36.0,44.0,40.0
2020-02-14,19.0,40.0,29.5
2020-02-15,15.0,30.0,22.5
2020-02-16,29.0,44.0,36.5
2020-02-17,38.0,51.0,44.5
2020-02-18,37.0,47.0,42.0
2020-02-19,33.0,48.0,40.5
2020-02-20,27.0,35.0,31.0
2020-02-21,21.0,36.0,28.5
2020-02-22,32.0,50.0,41.0
2020-02-23,36.0,56.0,46.0
2020-02-24,41.0,61.0,51.0
2020-02-25,44.0,51.0,47.5
2020-02-26,42.0,49.0,45.5
2020-02-27,32.0,45.0,38.5
2020-02-28,30.0,42.0,36.0
2020-02-29,27.0,36.0,31.5
2020-03-01,26.0,44.0,35.0
2020-03-02,38.0,56.0,47.0
2020-03-03,49.0,59.0,54.0
2020-03-04,46.0,57.0,51.5
2020-03-05,40.0,52.0,46.0
2020-03-06,38.0,45.0,41.5
2020-03-07,36.0,47.0,41.5
2020-03-08,37.0,60.0,48.5
2020-03-09,46.0,72.0,59.0
2020-03-10,55.0,67.0,61.0
2020-03-11,44.0,56.0,50.0
2020-03-12,41.0,50.0,45.5
2020-03-13,43.0,70.0,56.5
2020-03-14,44.0,55.0,49.5
2020-03-15,41.0,54.0,47.5
2020-03-16,33.0,43.0,38.0
2020-03-17,42.0,55.0,48.5
2020-03-18,44.0,53.0,48.5
2020-03-19,42.0,52.0,47.0
2020-03-20,47.0,78.0,62.5
2020-03-21,41.0,65.0,53.0
2020-03-22,34.0,44.0,39.0
2020-03-23,37.0,42.0,39.5
2020-03-24,37.0,54.0,45.5
2020-03-25,41.0,45.0,43.0
2020-03-26,39.0,59.0,49.0
2020-03-27,50.0,68.0,59.0
2020-03-28,45.0,51.0,48.0
2020-03-29,45.0,48.0,46.5
2020-03-30,42.0,50.0,46.0
2020-03-31,41.0,49.0,45.0
2020-04-01,38.0,55.0,46.5
2020-04-02,40.0,58.0,49.0
2020-04-03,46.0,52.0,49.0
2020-04-04,46.0,60.0,53.0
2020-04-05,47.0,64.0,55.5
2020-04-06,48.0,66.0,57.0
2020-04-07,53.0,66.0,59.5
2020-04-08,49.0,63.0,56.0
2020-04-09,44.0,58.0,51.0
2020-04-10,39.0,49.0,44.0
2020-04-11,40.0,56.0,48.0
2020-04-12,43.0,62.0,52.5
2020-04-13,53.0,69.0,61.0
2020-04-14,48.0,60.0,54.0
2020-04-15,43.0,53.0,48.0
2020-04-16,40.0,49.0,44.5
2020-04-17,39.0,51.0,45.0
2020-04-18,42.0,47.0,44.5
2020-04-19,42.0,63.0,52.5
2020-04-20,49.0,57.0,53.0
2020-04-21,41.0,60.0,50.5
2020-04-22,38.0,51.0,44.5
2020-04-23,41.0,50.0,45.5
2020-04-24,43.0,50.0,46.5
2020-04-25,43.0,64.0,53.5
2020-04-26,43.0,50.0,46.5
2020-04-27,40.0,49.0,44.5
2020-04-28,43.0,66.0,54.5
2020-04-29,46.0,57.0,51.5
2020-04-30,49.0,63.0,56.0
2020-05-01,55.0,66.0,60.5
2020-05-02,53.0,73.0,63.0
2020-05-03,55.0,81.0,68.0
2020-05-04,51.0,72.0,61.5
2020-05-05,47.0,64.0,55.5
2020-05-06,47.0,52.0,49.5
2020-05-07,49.0,67.0,58.0
2020-05-08,38.0,58.0,48.0
2020-05-09,36.0,49.0,42.5
2020-05-10,41.0,65.0,53.0
2020-05-11,46.0,61.0,53.5
2020-05-12,45.0,60.0,52.5
2020-05-13,43.0,64.0,53.5
2020-05-14,48.0,65.0,56.5
2020-05-15,58.0,86.0,72.0
2020-05-16,59.0,77.0,68.0
2020-05-17,55.0,68.0,61.5
2020-05-18,55.0,67.0,61.0
2020-05-19,54.0,69.0,61.5
2020-05-20,50.0,65.0,57.5
2020-05-21,48.0,67.0,57.5
2020-05-22,56.0,77.0,66.5
2020-05-23,56.0,67.0,61.5
2020-05-24,52.0,69.0,60.5
2020-05-25,56.0,67.0,61.5
2020-05-26,58.0,77.0,67.5
2020-05-27,60.0,78.0,69.0
2020-05-28,64.0,76.0,70.0
2020-05-29,65.0,82.0,73.5
2020-05-30,66.0,84.0,75.0
2020-05-31,58.0,71.0,64.5
2020-06-01,54.0,72.0,63.0
2020-06-02,63.0,76.0,69.5
2020-06-03,63.0,82.0,72.5
2020-06-04,69.0,88.0,78.5
2020-06-05,69.0,83.0,76.0
2020-06-06,69.0,90.0,79.5
2020-06-07,65.0,78.0,71.5
2020-06-08,63.0,81.0,72.0
2020-06-09,68.0,91.0,79.5
2020-06-10,69.0,85.0,77.0
2020-06-11,70.0,83.0,76.5
2020-06-12,70.0,88.0,79.0
2020-06-13,60.0,77.0,68.5
2020-06-14,55.0,75.0,65.0
2020-06-15,62.0,77.0,69.5
2020-06-16,63.0,80.0,71.5
2020-06-17,63.0,79.0,71.0
2020-06-18,65.0,78.0,71.5
2020-06-19,67.0,86.0,76.5
2020-06-20,72.0,88.0,80.0
2020-06-21,73.0,88.0,80.5
2020-06-22,75.0,93.0,84.0
2020-06-23,76.0,87.0,81.5
2020-06-24,76.0,89.0,82.5
2020-06-25,74.0,89.0,81.5
2020-06-26,73.0,90.0,81.5
2020-06-27,73.0,85.0,79.0
2020-06-28,72.0,93.0,82.5
2020-06-29,72.0,89.0,80.5
2020-06-30,70.0,81.0,75.5
2020-07-01,68.0,84.0,76.0
2020-07-02,69.0,95.0,82.0
2020-07-03,72.0,94.0,83.0
2020-07-04,70.0,88.0,79.0
2020-07-05,74.0,96.0,85.0
2020-07-06,74.0,96.0,85.0
2020-07-07,72.0,81.0,76.5
2020-07-08,77.0,89.0,83.0
2020-07-09,78.0,91.0,84.5
2020-07-10,74.0,79.0,76.5
2020-07-11,75.0,88.0,81.5
2020-07-12,76.0,93.0,84.5
2020-07-13,76.0,91.0,83.5
2020-07-14,74.0,89.0,81.5
2020-07-15,72.0,82.0,77.0
2020-07-16,71.0,80.0,75.5
2020-07-17,71.0,86.0,78.5
2020-07-18,74.0,95.0,84.5
2020-07-19,80.0,97.0,88.5
2020-07-20,84.0,97.0,90.5
2020-07-21,79.0,95.0,87.0
2020-07-22,74.0,95.0,84.5
2020-07-23,76.0,92.0,84.0
2020-07-24,74.0,81.0,77.5
2020-07-25,74.0,92.0,83.0
2020-07-26,80.0,95.0,87.5
2020-07-27,81.0,97.0,89.0
2020-07-28,83.0,97.0,90.0
2020-07-29,78.0,90.0,84.0
2020-07-30,80.0,96.0,88.0
2020-07-31,72.0,84.0,78.0
2020-08-01,74.0,90.0,82.0
2020-08-02,77.0,90.0,83.5
2020-08-03,74.0,93.0,83.5
2020-08-04,73.0,83.0,78.0
2020-08-05,77.0,90.0,83.5
2020-08-06,73.0,82.0,77.5
2020-08-07,71.0,80.0,75.5
2020-08-08,72.0,85.0,78.5
2020-08-09,75.0,89.0,82.0
2020-08-10,79.0,95.0,87.0
2020-08-11,80.0,89.0,84.5
2020-08-12,77.0,92.0,84.5
2020-08-13,75.0,82.0,78.5
2020-08-14,74.0,88.0,81.0
2020-08-15,73.0,85.0,79.0
2020-08-16,69.0,73.0,71.0
2020-08-17,68.0,83.0,75.5
2020-08-18,67.0,86.0,76.5
2020-08-19,69.0,77.0,73.0
2020-08-20,68.0,83.0,75.5
2020-08-21,72.0,88.0,80.0
2020-08-22,77.0,92.0,84.5
2020-08-23,77.0,87.0,82.0
2020-08-24,78.0,93.0,85.5
2020-08-25,71.0,93.0,82.0
2020-08-26,70.0,79.0,74.5
2020-08-27,72.0,94.0,83.0
2020-08-28,75.0,89.0,82.0
2020-08-29,75.0,84.0,79.5
2020-08-30,70.0,81.0,75.5
2020-08-31,67.0,77.0,72.0
2020-09-01,68.0,81.0,74.5
2020-09-02,70.0,81.0,75.5
2020-09-03,73.0,89.0,81.0
2020-09-04,73.0,87.0,80.0
2020-09-05,69.0,82.0,75.5
2020-09-06,70.0,85.0,77.5
2020-09-07,70.0,81.0,75.5
2020-09-08,71.0,84.0,77.5
2020-09-09,72.0,81.0,76.5
2020-09-10,75.0,85.0,80.0
2020-09-11,67.0,79.0,73.0
2020-09-12,63.0,73.0,68.0
2020-09-13,64.0,77.0,70.5
2020-09-14,62.0,77.0,69.5
2020-09-15,55.0,67.0,61.0
2020-09-16,60.0,73.0,66.5
2020-09-17,66.0,77.0,71.5
2020-09-18,57.0,71.0,64.0
2020-09-19,51.0,65.0,58.0
2020-09-20,52.0,64.0,58.0
2020-09-21,52.0,66.0,59.0
2020-09-22,55.0,74.0,64.5
2020-09-23,62.0,81.0,71.5
2020-09-24,66.0,78.0,72.0
2020-09-25,65.0,80.0,72.5
2020-09-26,66.0,77.0,71.5
2020-09-27,69.0,78.0,73.5
2020-09-28,70.0,79.0,74.5
2020-09-29,69.0,74.0,71.5
2020-09-30,62.0,73.0,67.5
2020-10-01,62.0,74.0,68.0
2020-10-02,58.0,68.0,63.0
2020-10-03,55.0,69.0,62.0
2020-10-04,53.0,67.0,60.0
2020-10-05,56.0,68.0,62.0
2020-10-06,59.0,71.0,65.0
2020-10-07,62.0,77.0,69.5
2020-10-08,57.0,65.0,61.0
2020-10-09,54.0,71.0,62.5
2020-10-10,60.0,73.0,66.5
2020-10-11,58.0,69.0,63.5
2020-10-12,51.0,58.0,54.5
2020-10-13,54.0,60.0,57.0
2020-10-14,54.0,71.0,62.5
2020-10-15,58.0,73.0,65.5
2020-10-16,50.0,66.0,58.0
2020-10-17,49.0,62.0,55.5
2020-10-18,49.0,65.0,57.0
2020-10-19,54.0,68.0,61.0
2020-10-20,60.0,72.0,66.0
2020-10-21,62.0,71.0,66.5
2020-10-22,64.0,69.0,66.5
2020-10-23,64.0,71.0,67.5
2020-10-24,50.0,70.0,60.0
2020-10-25,46.0,55.0,50.5
2020-10-26,53.0,59.0,56.0
2020-10-27,54.0,60.0,57.0
2020-10-28,52.0,60.0,56.0
2020-10-29,47.0,58.0,52.5
2020-10-30,39.0,47.0,43.0
2020-10-31,35.0,48.0,41.5
2020-11-01,45.0,56.0,50.5
2020-11-02,40.0,47.0,43.5
2020-11-03,42.0,55.0,48.5
2020-11-04,42.0,64.0,53.0
2020-11-05,52.0,70.0,61.0
2020-11-06,56.0,73.0,64.5
2020-11-07,57.0,76.0,66.5
2020-11-08,54.0,77.0,65.5
2020-11-09,53.0,78.0,65.5
2020-11-10,59.0,75.0,67.0
2020-11-11,62.0,70.0,66.0
2020-11-12,48.0,69.0,58.5
2020-11-13,48.0,52.0,50.0
2020-11-14,45.0,54.0,49.5
2020-11-15,41.0,64.0,52.5
2020-11-16,49.0,57.0,53.0
2020-11-17,39.0,50.0,44.5
2020-11-18,33.0,39.0,36.0
2020-11-19,33.0,50.0,41.5
2020-11-20,47.0,64.0,55.5
2020-11-21,50.0,65.0,57.5
2020-11-22,46.0,61.0,53.5
2020-11-23,45.0,61.0,53.0
2020-11-24,44.0,50.0,47.0
2020-11-25,45.0,56.0,50.5
2020-11-26,54.0,67.0,60.5
2020-11-27,51.0,63.0,57.0
2020-11-28,47.0,57.0,52.0
2020-11-29,42.0,56.0,49.0
2020-11-30,48.0,67.0,57.5
2020-12-01,40.0,60.0,50.0
2020-12-02,39.0,45.0,42.0
2020-12-03,37.0,52.0,44.5
2020-12-04,47.0,53.0,50.0
2020-12-05,41.0,48.0,44.5
2020-12-06,36.0,43.0,39.5
2020-12-07,34.0,42.0,38.0
2020-12-08,32.0,38.0,35.0
2020-12-09,34.0,40.0,37.0
2020-12-10,39.0,50.0,44.5
2020-12-11,38.0,55.0,46.5
2020-12-12,43.0,58.0,50.5
2020-12-13,49.0,62.0,55.5
2020-12-14,38.0,49.0,43.5
2020-12-15,32.0,41.0,36.5
2020-12-16,28.0,33.0,30.5
2020-12-17,26.0,34.0,30.0
2020-12-18,27.0,33.0,30.0
2020-12-19,24.0,34.0,29.0
2020-12-20,32.0,40.0,36.0
2020-12-21,37.0,48.0,42.5
2020-12-22,40.0,48.0,44.0
2020-12-23,39.0,45.0,42.0
2020-12-24,42.0,62.0,52.0
2020-12-25,31.0,63.0,47.0
2020-12-26,26.0,34.0,30.0
2020-12-27,27.0,40.0,33.5
2020-12-28,36.0,52.0,44.0
2020-12-29,32.0,45.0,38.5
2020-12-30,30.0,45.0,37.5
2020-12-31,38.0,50.0,44.0
2021-01-01,35.0,41.0,38.0
2021-01-02,37.0,52.0,44.5
2021-01-03,36.0,40.0,38.0
2021-01-04,37.0,44.0,40.5
2021-01-05,38.0,42.0,40.0
2021-01-06,37.0,43.0,40.0
2021-01-07,33.0,44.0,38.5
2021-01-08,31.0,39.0,35.0
2021-01-09,28.0,38.0,33.0
2021-01-10,32.0,43.0,37.5
2021-01-11,30.0,38.0,34.0
2021-01-12,34.0,46.0,40.0
2021-01-13,35.0,45.0,40.0
2021-01-14,38.0,50.0,44.0
2021-01-15,38.0,49.0,43.5
2021-01-16,40.0,49.0,44.5
2021-01-17,38.0,46.0,42.0
2021-01-18,40.0,47.0,43.5
2021-01-19,38.0,43.0,40.5
2021-01-20,29.0,42.0,35.5
2021-01-21,27.0,45.0,36.0
2021-01-22,38.0,46.0,42.0
2021-01-23,27.0,38.0,32.5
2021-01-24,24.0,34.0,29.0
2021-01-25,26.0,39.0,32.5
2021-01-26,33.0,36.0,34.5
2021-01-27,33.0,39.0,36.0
2021-01-28,23.0,35.0,29.0
2021-01-29,17.0,28.0,22.5
2021-01-30,19.0,34.0,26.5
2021-01-31,21.0,27.0,24.0
2021-02-01,25.0,35.0,30.0
2021-02-02,30.0,35.0,32.5
2021-02-03,30.0,38.0,34.0
2021-02-04,33.0,43.0,38.0
2021-02-05,36.0,49.0,42.5
2021-02-06,33.0,46.0,39.5
2021-02-07,27.0,40.0,33.5
2021-02-08,19.0,31.0,25.0
2021-02-09,24.0,34.0,29.0
2021-02-10,27.0,36.0,31.5
2021-02-11,26.0,33.0,29.5
2021-02-12,21.0,30.0,25.5
2021-02-13,26.0,31.0,28.5
2021-02-14,28.0,39.0,33.5
2021-02-15,32.0,35.0,33.5
2021-02-16,34.0,53.0,43.5
2021-02-17,23.0,36.0,29.5
2021-02-18,25.0,30.0,27.5
2021-02-19,28.0,34.0,31.0
2021-02-20,28.0,36.0,32.0
2021-02-21,25.0,38.0,31.5
2021-02-22,33.0,40.0,36.5
2021-02-23,38.0,46.0,42.0
2021-02-24,41.0,53.0,47.0
2021-02-25,41.0,52.0,46.5
2021-02-26,35.0,47.0,41.0
2021-02-27,37.0,52.0,44.5
2021-02-28,39.0,47.0,43.0
2021-03-01,33.0,49.0,41.0
2021-03-02,23.0,34.0,28.5
2021-03-03,33.0,53.0,43.0
2021-03-04,28.0,45.0,36.5
2021-03-05,24.0,38.0,31.0
2021-03-06,30.0,35.0,32.5
2021-03-07,30.0,41.0,35.5
2021-03-08,28.0,44.0,36.0
2021-03-09,42.0,62.0,52.0
2021-03-10,38.0,55.0,46.5
2021-03-11,44.0,68.0,56.0
2021-03-12,52.0,69.0,60.5
2021-03-13,34.0,52.0,43.0
2021-03-14,32.0,52.0,42.0
2021-03-15,25.0,39.0,32.0
2021-03-16,29.0,36.0,32.5
2021-03-17,34.0,47.0,40.5
2021-03-18,42.0,47.0,44.5
2021-03-19,32.0,43.0,37.5
2021-03-20,35.0,59.0,47.0
2021-03-21,38.0,62.0,50.0
2021-03-22,39.0,57.0,48.0
2021-03-23,42.0,58.0,50.0
2021-03-24,44.0,49.0,46.5
2021-03-25,46.0,67.0,56.5
2021-03-26,52.0,82.0,67.0
2021-03-27,51.0,68.0,59.5
2021-03-28,45.0,59.0,52.0
2021-03-29,46.0,55.0,50.5
2021-03-30,41.0,59.0,50.0
2021-03-31,49.0,66.0,57.5
2021-04-01,39.0,57.0,48.0
2021-04-02,29.0,39.0,34.0
2021-04-03,34.0,54.0,44.0
2021-04-04,46.0,63.0,54.5
2021-04-05,49.0,67.0,58.0
2021-04-06,49.0,69.0,59.0
2021-04-07,51.0,71.0,61.0
2021-04-08,48.0,70.0,59.0
2021-04-09,48.0,58.0,53.0
2021-04-10,50.0,67.0,58.5
2021-04-11,47.0,56.0,51.5
2021-04-12,46.0,51.0,48.5
2021-04-13,45.0,65.0,55.0
2021-04-14,49.0,72.0,60.5
2021-04-15,45.0,59.0,52.0
2021-04-16,42.0,53.0,47.5
2021-04-17,44.0,55.0,49.5
2021-04-18,50.0,63.0,56.5
2021-04-19,52.0,65.0,58.5
2021-04-20,52.0,76.0,64.0
2021-04-21,40.0,65.0,52.5
2021-04-22,37.0,50.0,43.5
2021-04-23,41.0,65.0,53.0
2021-04-24,53.0,71.0,62.0
2021-04-25,50.0,64.0,57.0
2021-04-26,43.0,60.0,51.5
2021-04-27,49.0,62.0,55.5
2021-04-28,51.0,83.0,67.0
2021-04-29,60.0,72.0,66.0
2021-04-30,47.0,72.0,59.5
2021-05-01,44.0,65.0,54.5
2021-05-02,58.0,83.0,70.5
2021-05-03,52.0,62.0,57.0
2021-05-04,51.0,69.0,60.0
2021-05-05,51.0,61.0,56.0
2021-05-06,52.0,66.0,59.0
2021-05-07,51.0,62.0,56.5
2021-05-08,50.0,55.0,52.5
2021-05-09,48.0,64.0,56.0
2021-05-10,48.0,60.0,54.0
2021-05-11,52.0,68.0,60.0
2021-05-12,48.0,68.0,58.0
2021-05-13,54.0,71.0,62.5
2021-05-14,56.0,76.0,66.0
2021-05-15,57.0,77.0,67.0
2021-05-16,61.0,79.0,70.0
2021-05-17,59.0,78.0,68.5
2021-05-18,62.0,83.0,72.5
2021-05-19,66.0,86.0,76.0
2021-05-20,60.0,76.0,68.0
2021-05-21,60.0,77.0,68.5
2021-05-22,62.0,88.0,75.0
2021-05-23,68.0,88.0,78.0
2021-05-24,59.0,69.0,64.0
2021-05-25,59.0,72.0,65.5
2021-05-26,66.0,86.0,76.0
2021-05-27,66.0,83.0,74.5
2021-05-28,51.0,68.0,59.5
2021-05-29,48.0,52.0,50.0
2021-05-30,48.0,52.0,50.0
2021-05-31,50.0,71.0,60.5
2021-06-01,56.0,79.0,67.5
2021-06-02,62.0,76.0,69.0
2021-06-03,61.0,76.0,68.5
2021-06-04,64.0,80.0,72.0
2021-06-05,66.0,94.0,80.0
2021-06-06,76.0,95.0,85.5
2021-06-07,76.0,93.0,84.5
2021-06-08,72.0,92.0,82.0
2021-06-09,74.0,91.0,82.5
2021-06-10,65.0,81.0,73.0
2021-06-11,62.0,68.0,65.0
2021-06-12,63.0,71.0,67.0
2021-06-13,63.0,77.0,70.0
2021-06-14,66.0,74.0,70.0
2021-06-15,67.0,83.0,75.0
2021-06-16,64.0,77.0,70.5
2021-06-17,62.0,79.0,70.5
2021-06-18,66.0,86.0,76.0
2021-06-19,68.0,91.0,79.5
2021-06-20,69.0,87.0,78.0
2021-06-21,74.0,87.0,80.5
2021-06-22,61.0,80.0,70.5
2021-06-23,58.0,77.0,67.5
2021-06-24,63.0,78.0,70.5
2021-06-25,64.0,82.0,73.0
2021-06-26,69.0,85.0,77.0
2021-06-27,74.0,89.0,81.5
2021-06-28,77.0,96.0,86.5
2021-06-29,81.0,98.0,89.5
2021-06-30,73.0,100.0,86.5
2021-07-01,73.0,86.0,79.5
2021-07-02,63.0,78.0,70.5
2021-07-03,60.0,67.0,63.5
2021-07-04,62.0,79.0,70.5
2021-07-05,67.0,84.0,75.5
2021-07-06,73.0,96.0,84.5
2021-07-07,74.0,96.0,85.0
2021-07-08,72.0,85.0,78.5
2021-07-09,72.0,89.0,80.5
2021-07-10,72.0,81.0,76.5
2021-07-11,72.0,82.0,77.0
2021-07-12,73.0,82.0,77.5
2021-07-13,69.0,73.0,71.0
2021-07-14,70.0,91.0,80.5
2021-07-15,76.0,91.0,83.5
2021-07-16,81.0,95.0,88.0
2021-07-17,74.0,91.0,82.5
2021-07-18,74.0,86.0,80.0
2021-07-19,71.0,82.0,76.5
2021-07-20,75.0,89.0,82.0
2021-07-21,72.0,83.0,77.5
2021-07-22,68.0,83.0,75.5
2021-07-23,70.0,83.0,76.5
2021-07-24,70.0,83.0,76.5
2021-07-25,68.0,84.0,76.0
2021-07-26,72.0,90.0,81.0
2021-07-27,74.0,91.0,82.5
2021-07-28,71.0,82.0,76.5
2021-07-29,73.0,80.0,76.5
2021-07-30,68.0,85.0,76.5
2021-07-31,64.0,79.0,71.5
2021-08-01,68.0,78.0,73.0
2021-08-02,64.0,81.0,72.5
2021-08-03,68.0,79.0,73.5
2021-08-04,70.0,75.0,72.5
2021-08-05,69.0,81.0,75.0
2021-08-06,71.0,89.0,80.0
2021-08-07,75.0,89.0,82.0
2021-08-08,67.0,79.0,73.0
2021-08-09,70.0,80.0,75.0
2021-08-10,73.0,85.0,79.0
2021-08-11,76.0,92.0,84.0
2021-08-12,77.0,98.0,87.5
2021-08-13,79.0,98.0,88.5
2021-08-14,77.0,91.0,84.0
2021-08-15,71.0,84.0,77.5
2021-08-16,71.0,82.0,76.5
2021-08-17,75.0,82.0,78.5
2021-08-18,76.0,86.0,81.0
2021-08-19,77.0,89.0,83.0
2021-08-20,77.0,83.0,80.0
2021-08-21,75.0,84.0,79.5
2021-08-22,72.0,77.0,74.5
2021-08-23,73.0,85.0,79.0
2021-08-24,76.0,92.0,84.0
2021-08-25,75.0,94.0,84.5
2021-08-26,81.0,94.0,87.5
2021-08-27,76.0,93.0,84.5
2021-08-28,68.0,81.0,74.5
2021-08-29,68.0,76.0,72.0
2021-08-30,74.0,87.0,80.5
2021-08-31,76.0,87.0,81.5
2021-09-01,65.0,80.0,72.5
2021-09-02,63.0,78.0,70.5
2021-09-03,62.0,76.0,69.0
2021-09-04,65.0,81.0,73.0
2021-09-05,69.0,76.0,72.5
2021-09-06,71.0,85.0,78.0
2021-09-07,68.0,83.0,75.5
2021-09-08,73.0,86.0,79.5
2021-09-09,68.0,77.0,72.5
2021-09-10,66.0,76.0,71.0
2021-09-11,64.0,80.0,72.0
2021-09-12,68.0,85.0,76.5
2021-09-13,71.0,86.0,78.5
2021-09-14,70.0,81.0,75.5
2021-09-15,73.0,88.0,80.5
2021-09-16,72.0,77.0,74.5
2021-09-17,70.0,75.0,72.5
2021-09-18,70.0,86.0,78.0
2021-09-19,67.0,78.0,72.5
2021-09-20,64.0,76.0,70.0
2021-09-21,64.0,77.0,70.5
2021-09-22,72.0,83.0,77.5
2021-09-23,65.0,83.0,74.0
2021-09-24,60.0,76.0,68.0
2021-09-25,63.0,77.0,70.0
2021-09-26,64.0,74.0,69.0
2021-09-27,65.0,82.0,73.5
2021-09-28,63.0,75.0,69.0
2021-09-29,56.0,70.0,63.0
2021-09-30,58.0,68.0,63.0
2021-10-01,54.0,70.0,62.0
2021-10-02,59.0,77.0,68.0
2021-10-03,63.0,81.0,72.0
2021-10-04,63.0,74.0,68.5
2021-10-05,61.0,66.0,63.5
2021-10-06,62.0,71.0,66.5
2021-10-07,64.0,78.0,71.0
2021-10-08,65.0,76.0,70.5
2021-10-09,61.0,70.0,65.5
2021-10-10,63.0,69.0,66.0
2021-10-11,64.0,73.0,68.5
2021-10-12,63.0,71.0,67.0
2021-10-13,65.0,71.0,68.0
2021-10-14,66.0,79.0,72.5
2021-10-15,67.0,83.0,75.0
2021-10-16,60.0,77.0,68.5
2021-10-17,55.0,65.0,60.0
2021-10-18,52.0,62.0,57.0
2021-10-19,51.0,69.0,60.0
2021-10-20,60.0,80.0,70.0
2021-10-21,62.0,77.0,69.5
2021-10-22,59.0,72.0,65.5
2021-10-23,51.0,61.0,56.0
2021-10-24,51.0,61.0,56.0
2021-10-25,58.0,75.0,66.5
2021-10-26,57.0,64.0,60.5
2021-10-27,55.0,62.0,58.5
2021-10-28,50.0,59.0,54.5
2021-10-29,49.0,58.0,53.5
2021-10-30,56.0,68.0,62.0
2021-10-31,57.0,67.0,62.0
2021-11-01,54.0,62.0,58.0
2021-11-02,48.0,55.0,51.5
2021-11-03,45.0,55.0,50.0
2021-11-04,42.0,52.0,47.0
2021-11-05,42.0,53.0,47.5
2021-11-06,44.0,54.0,49.0
2021-11-07,43.0,57.0,50.0
2021-11-08,49.0,66.0,57.5
2021-11-09,51.0,72.0,61.5
2021-11-10,53.0,66.0,59.5
2021-11-11,46.0,62.0,54.0
2021-11-12,56.0,69.0,62.5
2021-11-13,43.0,64.0,53.5
2021-11-14,42.0,49.0,45.5
2021-11-15,42.0,50.0,46.0
2021-11-16,40.0,51.0,45.5
2021-11-17,40.0,58.0,49.0
2021-11-18,49.0,70.0,59.5
2021-11-19,42.0,50.0,46.0
2021-11-20,39.0,48.0,43.5
2021-11-21,47.0,57.0,52.0
2021-11-22,38.0,57.0,47.5
2021-11-23,35.0,44.0,39.5
2021-11-24,33.0,47.0,40.0
2021-11-25,41.0,57.0,49.0
2021-11-26,38.0,51.0,44.5
2021-11-27,36.0,42.0,39.0
2021-11-28,34.0,44.0,39.0
2021-11-29,35.0,43.0,39.0
2021-11-30,34.0,43.0,38.5
2021-12-01,43.0,50.0,46.5
2021-12-02,46.0,60.0,53.0
2021-12-03,40.0,50.0,45.0
2021-12-04,39.0,49.0,44.0
2021-12-05,42.0,49.0,45.5
2021-12-06,46.0,61.0,53.5
2021-12-07,39.0,45.0,42.0
2021-12-08,36.0,43.0,39.5
2021-12-09,34.0,40.0,37.0
2021-12-10,40.0,51.0,45.5
2021-12-11,45.0,67.0,56.0
2021-12-12,44.0,59.0,51.5
2021-12-13,42.0,54.0,48.0
2021-12-14,44.0,54.0,49.0
2021-12-15,40.0,55.0,47.5
2021-12-16,55.0,63.0,59.0
2021-12-17,50.0,62.0,56.0
2021-12-18,40.0,50.0,45.0
2021-12-19,31.0,45.0,38.0
2021-12-20,27.0,38.0,32.5
2021-12-21,33.0,43.0,38.0
2021-12-22,35.0,48.0,41.5
2021-12-23,32.0,37.0,34.5
2021-12-24,31.0,39.0,35.0
2021-12-25,36.0,51.0,43.5
2021-12-26,41.0,52.0,46.5
2021-12-27,35.0,41.0,38.0
2021-12-28,37.0,48.0,42.5
2021-12-29,42.0,44.0,43.0
2021-12-30,43.0,49.0,46.0
2021-12-31,48.0,55.0,51.5
2022-01-01,50.0,57.0,53.5
2022-01-02,39.0,60.0,49.5
2022-01-03,24.0,39.0,31.5
2022-01-04,21.0,36.0,28.5
2022-01-05,32.0,48.0,40.0
2022-01-06,36.0,43.0,39.5
2022-01-07,28.0,36.0,32.0
2022-01-08,23.0,32.0,27.5
2022-01-09,30.0,42.0,36.0
2022-01-10,26.0,42.0,34.0
2022-01-11,17.0,26.0,21.5
2022-01-12,20.0,42.0,31.0
2022-01-13,33.0,46.0,39.5
2022-01-14,22.0,43.0,32.5
2022-01-15,13.0,22.0,17.5
2022-01-16,10.0,40.0,25.0
2022-01-17,35.0,46.0,40.5
2022-01-18,31.0,38.0,34.5
2022-01-19,29.0,51.0,40.0
2022-01-20,23.0,47.0,35.0
2022-01-21,15.0,23.0,19.0
2022-01-22,14.0,30.0,22.0
2022-01-23,26.0,38.0,32.0
2022-01-24,28.0,38.0,33.0
2022-01-25,30.0,43.0,36.5
2022-01-26,21.0,30.0,25.5
2022-01-27,18.0,32.0,25.0
2022-01-28,30.0,35.0,32.5
2022-01-29,15.0,30.0,22.5
2022-01-30,14.0,27.0,20.5
2022-01-31,19.0,30.0,24.5
2022-02-01,24.0,37.0,30.5
2022-02-02,31.0,42.0,36.5
2022-02-03,39.0,48.0,43.5
2022-02-04,28.0,55.0,41.5
2022-02-05,21.0,29.0,25.0
2022-02-06,17.0,32.0,24.5
2022-02-07,31.0,40.0,35.5
2022-02-08,34.0,47.0,40.5
2022-02-09,31.0,44.0,37.5
2022-02-10,34.0,56.0,45.0
2022-02-11,37.0,56.0,46.5
2022-02-12,42.0,60.0,51.0
2022-02-13,26.0,42.0,34.0
2022-02-14,18.0,27.0,22.5
2022-02-15,18.0,32.0,25.0
2022-02-16,27.0,47.0,37.0
2022-02-17,47.0,63.0,55.0
2022-02-18,28.0,63.0,45.5
2022-02-19,25.0,41.0,33.0
2022-02-20,22.0,36.0,29.0
2022-02-21,33.0,54.0,43.5
2022-02-22,36.0,56.0,46.0
2022-02-23,36.0,68.0,52.0
2022-02-24,29.0,36.0,32.5
2022-02-25,27.0,43.0,35.0
2022-02-26,24.0,38.0,31.0
2022-02-27,30.0,48.0,39.0
2022-02-28,27.0,36.0,31.5
2022-03-01,31.0,48.0,39.5
2022-03-02,40.0,53.0,46.5
2022-03-03,25.0,48.0,36.5
2022-03-04,22.0,38.0,30.0
2022-03-05,31.0,45.0,38.0
2022-03-06,39.0,68.0,53.5
2022-03-07,50.0,74.0,62.0
2022-03-08,40.0,50.0,45.0
2022-03-09,33.0,41.0,37.0
2022-03-10,32.0,50.0,41.0
2022-03-11,36.0,53.0,44.5
2022-03-12,25.0,47.0,36.0
2022-03-13,23.0,35.0,29.0
2022-03-14,34.0,57.0,45.5
2022-03-15,46.0,68.0,57.0
2022-03-16,43.0,64.0,53.5
2022-03-17,42.0,55.0,48.5
2022-03-18,49.0,73.0,61.0
2022-03-19,46.0,68.0,57.0
2022-03-20,46.0,61.0,53.5
2022-03-21,44.0,62.0,53.0
2022-03-22,44.0,57.0,50.5
2022-03-23,39.0,47.0,43.0
2022-03-24,39.0,47.0,43.0
2022-03-25,44.0,60.0,52.0
2022-03-26,43.0,53.0,48.0
2022-03-27,30.0,45.0,37.5
2022-03-28,24.0,32.0,28.0
2022-03-29,25.0,37.0,31.0
2022-03-30,30.0,47.0,38.5
2022-03-31,42.0,64.0,53.0
2022-04-01,43.0,61.0,52.0
2022-04-02,39.0,55.0,47.0
2022-04-03,41.0,46.0,43.5
2022-04-04,40.0,54.0,47.0
2022-04-05,44.0,55.0,49.5
2022-04-06,44.0,53.0,48.5
2022-04-07,46.0,56.0,51.0
2022-04-08,50.0,64.0,57.0
2022-04-09,48.0,56.0,52.0
2022-04-10,43.0,49.0,46.0
2022-04-11,42.0,60.0,51.0
2022-04-12,50.0,71.0,60.5
2022-04-13,50.0,69.0,59.5
2022-04-14,55.0,71.0,63.0
2022-04-15,51.0,69.0,60.0
2022-04-16,45.0,70.0,57.5
2022-04-17,42.0,50.0,46.0
2022-04-18,41.0,53.0,47.0
2022-04-19,40.0,50.0,45.0
2022-04-20,43.0,60.0,51.5
2022-04-21,45.0,59.0,52.0
2022-04-22,52.0,68.0,60.0
2022-04-23,50.0,61.0,55.5
2022-04-24,48.0,60.0,54.0
2022-04-25,46.0,58.0,52.0
2022-04-26,50.0,60.0,55.0
2022-04-27,42.0,59.0,50.5
2022-04-28,41.0,56.0,48.5
2022-04-29,42.0,62.0,52.0
2022-04-30,47.0,67.0,57.0
2022-05-01,48.0,67.0,57.5
2022-05-02,50.0,57.0,53.5
2022-05-03,50.0,61.0,55.5
2022-05-04,50.0,67.0,58.5
2022-05-05,56.0,71.0,63.5
2022-05-06,50.0,62.0,56.0
2022-05-07,46.0,52.0,49.0
2022-05-08,46.0,59.0,52.5
2022-05-09,47.0,69.0,58.0
2022-05-10,53.0,71.0,62.0
2022-05-11,53.0,76.0,64.5
2022-05-12,57.0,72.0,64.5
2022-05-13,56.0,66.0,61.0
2022-05-14,58.0,74.0,66.0
2022-05-15,59.0,78.0,68.5
2022-05-16,62.0,75.0,68.5
2022-05-17,59.0,78.0,68.5
2022-05-18,57.0,73.0,65.0
2022-05-19,55.0,68.0,61.5
2022-05-20,54.0,68.0,61.0
2022-05-21,58.0,91.0,74.5
2022-05-22,71.0,92.0,81.5
2022-05-23,62.0,73.0,67.5
2022-05-24,58.0,65.0,61.5
2022-05-25,55.0,70.0,62.5
2022-05-26,55.0,70.0,62.5
2022-05-27,64.0,79.0,71.5
2022-05-28,63.0,77.0,70.0
2022-05-29,62.0,79.0,70.5
2022-05-30,65.0,86.0,75.5
2022-05-31,63.0,93.0,78.0
2022-06-01,59.0,67.0,63.0
2022-06-02,62.0,83.0,72.5
2022-06-03,61.0,75.0,68.0
2022-06-04,63.0,81.0,72.0
2022-06-05,60.0,76.0,68.0
2022-06-06,64.0,81.0,72.5
2022-06-07,65.0,78.0,71.5
2022-06-08,67.0,85.0,76.0
2022-06-09,66.0,85.0,75.5
2022-06-10,64.0,80.0,72.0
2022-06-11,65.0,75.0,70.0
2022-06-12,64.0,73.0,68.5
2022-06-13,69.0,86.0,77.5
2022-06-14,67.0,83.0,75.0
2022-06-15,67.0,81.0,74.0
2022-06-16,63.0,73.0,68.0
2022-06-17,70.0,92.0,81.0
2022-06-18,59.0,77.0,68.0
2022-06-19,56.0,74.0,65.0
2022-06-20,61.0,79.0,70.0
2022-06-21,64.0,77.0,70.5
2022-06-22,62.0,68.0,65.0
2022-06-23,60.0,75.0,67.5
2022-06-24,64.0,83.0,73.5
2022-06-25,69.0,90.0,79.5
2022-06-26,71.0,91.0,81.0
2022-06-27,69.0,79.0,74.0
2022-06-28,68.0,79.0,73.5
2022-06-29,66.0,86.0,76.0
2022-06-30,71.0,88.0,79.5
2022-07-01,75.0,95.0,85.0
2022-07-02,77.0,91.0,84.0
2022-07-03,74.0,88.0,81.0
2022-07-04,68.0,87.0,77.5
2022-07-05,73.0,88.0,80.5
2022-07-06,73.0,86.0,79.5
2022-07-07,70.0,82.0,76.0
2022-07-08,68.0,86.0,77.0
2022-07-09,72.0,84.0,78.0
2022-07-10,68.0,82.0,75.0
2022-07-11,69.0,84.0,76.5
2022-07-12,71.0,91.0,81.0
2022-07-13,75.0,92.0,83.5
2022-07-14,72.0,90.0,81.0
2022-07-15,72.0,86.0,79.0
2022-07-16,69.0,84.0,76.5
2022-07-17,73.0,84.0,78.5
2022-07-18,73.0,88.0,80.5
2022-07-19,75.0,93.0,84.0
2022-07-20,80.0,97.0,88.5
2022-07-21,74.0,97.0,85.5
2022-07-22,79.0,96.0,87.5
2022-07-23,79.0,97.0,88.0
2022-07-24,82.0,98.0,90.0
2022-07-25,74.0,89.0,81.5
2022-07-26,72.0,82.0,77.0
2022-07-27,70.0,86.0,78.0
2022-07-28,75.0,88.0,81.5
2022-07-29,75.0,87.0,81.0
2022-07-30,74.0,88.0,81.0
2022-07-31,72.0,87.0,79.5
2022-08-01,68.0,79.0,73.5
2022-08-02,71.0,93.0,82.0
2022-08-03,74.0,92.0,83.0
2022-08-04,79.0,94.0,86.5
2022-08-05,80.0,94.0,87.0
2022-08-06,79.0,94.0,86.5
2022-08-07,77.0,93.0,85.0
2022-08-08,80.0,94.0,87.0
2022-08-09,80.0,98.0,89.0
2022-08-10,75.0,86.0,80.5
2022-08-11,74.0,91.0,82.5
2022-08-12,72.0,85.0,78.5
2022-08-13,66.0,80.0,73.0
2022-08-14,70.0,83.0,76.5
2022-08-15,71.0,83.0,77.0
2022-08-16,67.0,84.0,75.5
2022-08-17,68.0,82.0,75.0
2022-08-18,68.0,88.0,78.0
2022-08-19,73.0,90.0,81.5
2022-08-20,76.0,91.0,83.5
2022-08-21,73.0,83.0,78.0
2022-08-22,73.0,81.0,77.0
2022-08-23,73.0,88.0,80.5
2022-08-24,74.0,90.0,82.0
2022-08-25,75.0,91.0,83.0
2022-08-26,78.0,88.0,83.0
2022-08-27,75.0,88.0,81.5
2022-08-28,73.0,80.0,76.5
2022-08-29,75.0,87.0,81.0
2022-08-30,75.0,89.0,82.0
2022-08-31,72.0,85.0,78.5
2022-09-01,69.0,86.0,77.5
2022-09-02,63.0,78.0,70.5
2022-09-03,68.0,82.0,75.0
2022-09-04,73.0,89.0,81.0
2022-09-05,74.0,87.0,80.5
2022-09-06,68.0,76.0,72.0
2022-09-07,67.0,74.0,70.5
2022-09-08,65.0,78.0,71.5
2022-09-09,64.0,81.0,72.5
2022-09-10,68.0,86.0,77.0
2022-09-11,67.0,77.0,72.0
2022-09-12,69.0,82.0,75.5
2022-09-13,68.0,84.0,76.0
2022-09-14,65.0,80.0,72.5
2022-09-15,65.0,74.0,69.5
2022-09-16,59.0,77.0,68.0
2022-09-17,65.0,74.0,69.5
2022-09-18,68.0,85.0,76.5
2022-09-19,71.0,86.0,78.5
2022-09-20,69.0,79.0,74.0
2022-09-21,65.0,81.0,73.0
2022-09-22,58.0,78.0,68.0
2022-09-23,52.0,64.0,58.0
2022-09-24,51.0,71.0,61.0
2022-09-25,61.0,77.0,69.0
2022-09-26,60.0,78.0,69.0
2022-09-27,62.0,71.0,66.5
2022-09-28,55.0,70.0,62.5
2022-09-29,56.0,67.0,61.5
2022-09-30,53.0,64.0,58.5
2022-10-01,53.0,63.0,58.0
2022-10-02,53.0,62.0,57.5
2022-10-03,49.0,55.0,52.0
2022-10-04,46.0,59.0,52.5
2022-10-05,54.0,59.0,56.5
2022-10-06,57.0,76.0,66.5
2022-10-07,59.0,78.0,68.5
2022-10-08,50.0,59.0,54.5
2022-10-09,46.0,64.0,55.0
2022-10-10,53.0,69.0,61.0
2022-10-11,54.0,72.0,63.0
2022-10-12,58.0,70.0,64.0
2022-10-13,55.0,71.0,63.0
2022-10-14,53.0,69.0,61.0
2022-10-15,53.0,69.0,61.0
2022-10-16,54.0,67.0,60.5
2022-10-17,57.0,68.0,62.5
2022-10-18,49.0,58.0,53.5
2022-10-19,44.0,55.0,49.5
2022-10-20,45.0,60.0,52.5
2022-10-21,49.0,64.0,56.5
2022-10-22,50.0,67.0,58.5
2022-10-23,56.0,62.0,59.0
2022-10-24,55.0,62.0,58.5
2022-10-25,61.0,67.0,64.0
2022-10-26,62.0,74.0,68.0
2022-10-27,52.0,65.0,58.5
2022-10-28,46.0,58.0,52.0
2022-10-29,45.0,59.0,52.0
2022-10-30,47.0,64.0,55.5
2022-10-31,52.0,66.0,59.0
2022-11-01,59.0,67.0,63.0
2022-11-02,57.0,71.0,64.0
2022-11-03,53.0,68.0,60.5
2022-11-04,52.0,72.0,62.0
2022-11-05,63.0,75.0,69.0
2022-11-06,63.0,75.0,69.0
2022-11-07,56.0,78.0,67.0
2022-11-08,47.0,58.0,52.5
2022-11-09,41.0,54.0,47.5
2022-11-10,48.0,67.0,57.5
2022-11-11,57.0,69.0,63.0
2022-11-12,61.0,69.0,65.0
2022-11-13,43.0,62.0,52.5
2022-11-14,38.0,46.0,42.0
2022-11-15,36.0,48.0,42.0
2022-11-16,39.0,51.0,45.0
2022-11-17,39.0,47.0,43.0
2022-11-18,36.0,44.0,40.0
2022-11-19,32.0,41.0,36.5
2022-11-20,31.0,40.0,35.5
2022-11-21,29.0,42.0,35.5
2022-11-22,39.0,51.0,45.0
2022-11-23,43.0,55.0,49.0
2022-11-24,41.0,53.0,47.0
2022-11-25,47.0,56.0,51.5
2022-11-26,44.0,57.0,50.5
2022-11-27,49.0,61.0,55.0
2022-11-28,42.0,56.0,49.0
2022-11-29,38.0,44.0,41.0
2022-11-30,39.0,59.0,49.0
2022-12-01,36.0,44.0,40.0
2022-12-02,34.0,45.0,39.5
2022-12-03,45.0,59.0,52.0
2022-12-04,39.0,46.0,42.5
2022-12-05,36.0,47.0,41.5
2022-12-06,41.0,60.0,50.5
2022-12-07,55.0,59.0,57.0
2022-12-08,42.0,56.0,49.0
2022-12-09,36.0,45.0,40.5
2022-12-10,31.0,39.0,35.0
2022-12-11,33.0,41.0,37.0
2022-12-12,30.0,38.0,34.0
2022-12-13,27.0,41.0,34.0
2022-12-14,32.0,40.0,36.0
2022-12-15,33.0,44.0,38.5
2022-12-16,39.0,47.0,43.0
2022-12-17,37.0,45.0,41.0
2022-12-18,34.0,40.0,37.0
2022-12-19,32.0,39.0,35.5
2022-12-20,32.0,40.0,36.0
2022-12-21,29.0,41.0,35.0
2022-12-22,34.0,47.0,40.5
2022-12-23,9.0,59.0,34.0
2022-12-24,7.0,16.0,11.5
2022-12-25,15.0,28.0,21.5
2022-12-26,19.0,30.0,24.5
2022-12-27,29.0,35.0,32.0
2022-12-28,33.0,47.0,40.0
2022-12-29,38.0,51.0,44.5
2022-12-30,38.0,60.0,49.0
2022-12-31,42.0,55.0,48.5
