Date,min,max,avg
2022-12-31,9010.2,10363.98,9694.847916666666
2023-01-01,8281.630000000001,9463.55,8806.609583333333
2023-01-02,7951.2,10459.85,9269.040833333333
2023-01-03,8415.19,10604.32,9785.4375
2023-01-04,8929.22,11602.85,10644.703333333333
2023-01-05,9710.12,11784.48,11050.89
2023-01-06,10204.13,12365.24,10996.38125
2023-01-07,9719.9,11192.19,10524.657500000001
2023-01-08,9735.33,11253.73,10439.429166666667
2023-01-09,10129.27,12487.83,10941.22125
2023-01-10,9357.65,11379.14,10292.752916666666
2023-01-11,8961.78,11004.29,10007.909166666666
2023-01-12,9037.91,12401.19,11078.942916666667
2023-01-13,10328.21,12549.92,11622.645833333334
2023-01-14,10259.31,11767.95,10934.967083333335
2023-01-15,9486.3,10591.37,10035.128749999998
2023-01-16,8720.56,10702.6,9958.295
2023-01-17,8994.57,11153.05,10246.60125
2023-01-18,9210.06,11795.91,10768.161666666667
2023-01-19,9248.84,12104.11,10942.844583333334
2023-01-20,10015.12,11951.29,11107.6075
2023-01-21,10074.17,11282.07,10584.725416666666
2023-01-22,9427.45,11213.36,10292.361666666666
2023-01-23,9925.25,12388.77,11075.7475
2023-01-24,9905.83,12043.5,10951.957499999999
2023-01-25,9762.1,12376.91,11341.344583333334
2023-01-26,10600.12,12780.87,11790.33625
2023-01-27,10378.81,12460.61,11263.738749999999
2023-01-28,9700.63,11023.57,10437.076666666666
2023-01-29,9610.35,12356.61,11059.112499999997
2023-01-30,10972.25,13650.66,12563.3175
2023-01-31,11905.01,13984.81,12799.208333333334
2023-02-01,11308.02,13495.9,12111.918333333335
2023-02-02,10739.33,12991.53,11708.730416666667
2023-02-03,11388.81,13718.17,12444.448750000001
2023-02-04,9915.13,11768.47,10874.66625
2023-02-05,8908.380000000001,10222.41,9612.5475
2023-02-06,9431.2,11859.63,10450.959166666667
2023-02-07,8908.54,10920.63,10010.430833333334
2023-02-08,9207.52,11403.18,10440.882083333334
2023-02-09,8834.78,11518.49,10671.887083333333
2023-02-10,9820.61,11794.3,10733.55125
2023-02-11,9200.12,11180.18,10166.75125
2023-02-12,8881.11,10304.47,9525.417083333334
2023-02-13,8882.2,10914.81,9810.02125
2023-02-14,8929.15,10976.92,10098.002083333333
2023-02-15,8770.83,10980.29,10117.352083333333
2023-02-16,9377.73,12010.94,11008.27375
2023-02-17,10431.88,12631.57,11286.9125
2023-02-18,9129.37,10739.38,9936.764583333332
2023-02-19,8604.51,9735.42,9122.505
2023-02-20,8713.210000000001,10844.07,9749.517083333334
2023-02-21,8887.36,11151.07,10079.085000000001
2023-02-22,8906.95,10973.9,10127.700416666668
2023-02-23,8688.44,11668.19,10411.185416666667
2023-02-24,10462.63,12683.84,11334.405416666666
2023-02-25,9134.65,10679.04,9838.829583333332
2023-02-26,8712.27,9967.68,9211.1975
2023-02-27,8150.84,10476.97,9639.897916666667
2023-02-28,8572.23,10709.23,9682.119166666665
2023-03-01,8591.89,10631.38,9672.067083333333
2023-03-02,8744.69,11075.73,9954.36375
2023-03-03,8907.22,10959.96,10056.566250000002
2023-03-04,8604.17,9946.54,9233.813333333334
2023-03-05,8519.99,9534.27,9060.780416666666
2023-03-06,7933.2,10304.29,9439.449166666667
2023-03-07,8487.77,10735.87,9819.72
2023-03-08,8741.72,10931.4,10163.234583333333
2023-03-09,8889.89,10881.29,10198.912916666668
2023-03-10,9116.15,11113.25,10152.026249999999
2023-03-11,9339.05,10515.95,10006.595833333333
2023-03-12,8930.34,10829.85,9936.263333333334
2023-03-13,9789.37,12000.33,11101.378750000002
2023-03-14,10057.36,12073.16,10770.850416666666
2023-03-15,9307.12,11816.25,10365.17125
2023-03-16,8863.09,10762.88,10139.989166666666
2023-03-17,9527.69,11794.33,10762.497083333334
2023-03-18,10292.81,11721.73,11130.39875
2023-03-19,9692.94,11123.72,10424.585833333333
2023-03-20,9288.2,12020.43,10303.095833333333
2023-03-21,8871.09,10769.99,10109.235
2023-03-22,8570.58,10677.11,9665.7
2023-03-23,8245.53,10194.53,9439.975
2023-03-24,8578.2,10625.65,9738.292500000001
2023-03-25,8260.06,9654.78,8780.45875
2023-03-26,8223.64,9402.37,8767.034166666666
2023-03-27,8326.99,10733.08,9530.960416666667
2023-03-28,8858.97,10963.64,9972.345000000001
2023-03-29,9030.27,11341.28,9834.96625
2023-03-30,8421.66,11025.09,9654.939583333333
2023-03-31,7990.3,9888.6,9147.65125
2023-04-01,8024.29,9970.36,8847.842916666666
2023-04-02,7869.93,9337.41,8657.54625
2023-04-03,7531.87,9880.67,9088.512499999999
2023-04-04,8108.35,10637.92,9717.274583333334
2023-04-05,8333.64,10269.01,9502.107083333334
2023-04-06,8477.23,10572.67,9374.467916666666
2023-04-07,8315.53,10014.51,9004.67125
2023-04-08,7892.27,8970.64,8428.039166666667
2023-04-09,7595.17,8463.91,8008.184583333333
2023-04-10,7261.52,9526.78,8798.109166666667
2023-04-11,7655.59,10162.43,9184.71375
2023-04-12,7794.46,10973.87,9576.884166666669
2023-04-13,7943.81,10833.73,9594.645416666666
2023-04-14,7841.92,10714.2,9432.084583333335
2023-04-15,7466.84,9530.75,8562.745833333334
2023-04-16,7498.29,9744.78,8773.051666666668
2023-04-17,8285.48,10326.59,9261.311666666666
2023-04-18,8090.88,9981.68,9188.744583333333
2023-04-19,7632.63,10221.47,9305.168749999999
2023-04-20,7753.68,10430.1,9310.340416666668
2023-04-21,7905.44,9761.81,9083.063333333334
2023-04-22,8108.96,9526.36,8973.759583333334
2023-04-23,8102.44,9095.18,8514.205833333333
2023-04-24,8237.09,10354.76,9245.770833333334
2023-04-25,8135.49,9855.82,9011.477499999999
2023-04-26,8002.88,9677.95,8908.504166666668
2023-04-27,7875.01,9631.86,8954.75625
2023-04-28,7576.37,9583.03,8826.517916666668
2023-04-29,7271.35,8750.460000000001,8124.009166666667
2023-04-30,7559.16,9288.51,8502.069166666668
2023-05-01,7973.56,9896.38,9119.871249999998
2023-05-02,8107.04,9874.52,9111.9625
2023-05-03,7872.88,9656.28,8933.616250000001
2023-05-04,7761.09,9728.16,9067.409583333332
2023-05-05,7464.85,9678.45,8860.32625
2023-05-06,7316.17,9649.78,8589.647916666667
2023-05-07,7540.9,11361.26,9371.304583333333
2023-05-08,7749.84,11762.82,9921.384166666665
2023-05-09,8019.97,10946.84,9613.025833333333
2023-05-10,8002.8200000000015,11866.9,10067.19125
2023-05-11,8105.42,11538.03,10057.298333333334
2023-05-12,8241.33,11946.43,10241.782083333334
2023-05-13,8021.5700000000015,10851.02,9607.980833333333
2023-05-14,7563.34,10564.99,9103.774166666666
2023-05-15,7619.07,10235.39,9272.717083333333
2023-05-16,7750.23,10225.47,9267.91625
2023-05-17,7594.17,11022.57,9475.032083333334
2023-05-18,7733.06,11515.1,9772.7825
2023-05-19,7914.08,10585.41,9252.587916666665
2023-05-20,7175.7,9102.69,8120.568750000001
2023-05-21,6998.56,9992.0,8366.84375
2023-05-22,7443.11,11480.93,9594.71375
2023-05-23,7797.76,12190.42,10061.977499999999
2023-05-24,8045.5,12752.35,10501.8225
2023-05-25,8071.47,11609.6,9866.369583333333
2023-05-26,7704.4,10601.86,9247.866250000001
2023-05-27,7190.46,10321.32,8627.543333333333
2023-05-28,7070.32,10662.55,8719.930833333334
2023-05-29,7165.46,11892.67,9363.341666666665
2023-05-30,7685.66,13554.31,10767.20125
2023-05-31,8368.36,13988.98,11310.580416666666
2023-06-01,8713.66,13862.15,11473.985833333334
2023-06-02,8771.41,14413.41,11696.86875
2023-06-03,8128.29,13578.47,10856.01625
2023-06-04,7953.36,12779.59,10443.62875
2023-06-05,8132.5700000000015,13371.76,10875.947916666666
2023-06-06,8110.84,13774.32,11000.887916666667
2023-06-07,8579.17,12522.52,10583.440416666666
2023-06-08,8091.21,11651.45,9970.557083333333
2023-06-09,7740.63,11725.71,9812.527083333334
2023-06-10,7538.36,11506.21,9525.406666666668
2023-06-11,7856.32,9366.97,8772.043333333333
2023-06-12,7291.89,10621.39,9174.908333333333
2023-06-13,7629.95,11924.14,9862.662083333335
2023-06-14,7936.09,13548.12,10801.547083333333
2023-06-15,8252.53,14175.47,11273.326249999998
2023-06-16,8404.01,12825.0,10545.454166666666
2023-06-17,7760.67,12293.53,9873.352083333333
2023-06-18,7875.51,10946.95,9501.304166666667
2023-06-19,8021.01,14320.84,11255.771666666667
2023-06-20,8706.54,14566.31,11733.101250000002
2023-06-21,8890.65,14299.53,11784.459583333335
2023-06-22,8685.87,14460.02,11838.864166666666
2023-06-23,8748.04,14669.33,11833.462083333332
2023-06-24,8715.44,14007.22,11475.898749999998
2023-06-25,9255.52,12915.95,11127.52375
2023-06-26,8732.54,13136.93,11112.277500000002
2023-06-27,8381.97,14032.7,11341.403333333334
2023-06-28,8926.37,14737.57,11826.638333333334
2023-06-29,9847.25,14786.03,12525.350416666668
2023-06-30,9517.07,15268.79,12317.580416666666
2023-07-01,8949.28,12625.59,10467.063333333334
2023-07-02,7833.48,12447.06,10105.434583333334
2023-07-03,8215.83,14239.5,11335.497499999998
2023-07-04,8626.25,14171.79,11393.34875
2023-07-05,9120.63,14111.18,11880.058333333334
2023-07-06,8845.15,12983.82,10998.429999999998
2023-07-07,8282.83,12139.4,10342.173333333334
2023-07-08,8287.06,11061.42,9646.377916666666
2023-07-09,7584.96,12271.09,9750.159583333334
2023-07-10,8266.23,14821.3,11591.166666666666
2023-07-11,9078.74,15395.86,12347.423333333332
2023-07-12,9316.35,14720.34,12022.54875
2023-07-13,9047.92,14778.82,12060.931666666665
2023-07-14,9408.1,15249.93,12388.931666666665
2023-07-15,8876.79,13448.27,10996.391666666668
2023-07-16,8161.81,12534.55,10407.902916666668
2023-07-17,8478.39,13272.53,10963.9425
2023-07-18,8405.1,12636.56,10613.966666666665
2023-07-19,8697.28,14037.42,11557.591249999998
2023-07-20,9631.75,14436.42,11952.369583333333
2023-07-21,8556.28,12498.48,10683.658333333335
2023-07-22,7930.42,12786.09,10268.993333333334
2023-07-23,7973.84,13904.92,10828.311249999999
2023-07-24,8915.31,15628.99,12360.488333333333
2023-07-25,9522.26,16030.35,13030.049166666666
2023-07-26,10672.31,16428.19,13644.644166666665
2023-07-27,10683.03,16451.06,13946.044999999998
2023-07-28,10994.48,17187.88,14208.925000000001
2023-07-29,10196.6,14221.95,11969.465416666666
2023-07-30,8490.19,14034.08,11166.177916666667
2023-07-31,8998.87,13832.58,11637.492083333333
2023-08-01,9163.76,14277.2,11776.36625
2023-08-02,9455.93,13160.3,11451.777083333334
2023-08-03,9232.03,13715.87,11627.71125
2023-08-04,9429.39,14314.66,11978.648333333333
2023-08-05,9018.77,13433.74,11213.966249999998
2023-08-06,8389.44,12594.35,10422.063333333334
2023-08-07,8726.81,13186.11,11021.727083333331
2023-08-08,8579.81,13795.89,11304.511250000001
2023-08-09,8900.27,12163.53,10754.318333333335
2023-08-10,8524.83,14584.19,11644.385833333334
2023-08-11,9112.48,15389.87,12333.636666666667
2023-08-12,9103.27,13841.85,11360.830833333333
2023-08-13,8408.32,11355.25,10011.5875
2023-08-14,8807.550000000001,12374.89,10671.38875
2023-08-15,8171.79,11968.0,10175.32625
2023-08-16,8241.52,13616.43,10922.777916666666
2023-08-17,8682.42,12975.63,10866.673333333334
2023-08-18,8110.01,12988.36,10559.4925
2023-08-19,8292.18,14637.54,11261.923333333334
2023-08-20,9403.83,16296.96,12812.369583333333
2023-08-21,10712.92,16488.69,13766.011666666667
2023-08-22,10908.05,17621.03,14357.385833333334
2023-08-23,11589.72,17809.19,14923.195833333333
2023-08-24,11663.11,17657.18,14834.6075
2023-08-25,11386.06,16987.44,14265.497083333335
2023-08-26,9826.79,12370.88,11319.892083333334
2023-08-27,8305.74,11589.48,9826.737083333333
2023-08-28,8244.01,13651.95,10982.949166666667
2023-08-29,8485.06,14096.2,11309.936666666666
2023-08-30,8697.76,13328.57,11012.64
2023-08-31,8345.79,12678.84,10494.667916666667
2023-09-01,8329.68,13246.78,10624.533333333333
2023-09-02,8130.48,14083.38,10752.320833333333
2023-09-03,8556.42,14422.44,11308.995
2023-09-04,9083.2,15485.63,12021.02375
2023-09-05,9571.42,14677.81,12241.455833333332
2023-09-06,9286.09,12070.6,10873.691250000002
2023-09-07,8238.73,11938.95,10159.369166666665
2023-09-08,8039.6,11596.73,9955.061666666666
2023-09-09,7726.41,11068.94,9321.746666666668
2023-09-10,7549.22,11501.65,9366.54
2023-09-11,7929.66,10951.08,9757.441666666668
2023-09-12,7897.65,11163.59,9652.22625
2023-09-13,7732.09,11256.89,9584.051666666666
2023-09-14,7882.0,11679.35,9831.717916666666
2023-09-15,7804.61,11312.35,9626.264166666666
2023-09-16,7552.63,9924.85,8792.845416666667
2023-09-17,7250.44,10205.29,8607.711666666668
2023-09-18,7524.49,11607.58,9701.892083333334
2023-09-19,8009.8200000000015,11857.25,10067.970416666665
2023-09-20,8008.39,11138.83,9879.896666666666
2023-09-21,8166.21,12011.98,10212.768333333332
2023-09-22,8292.210000000001,11579.54,10136.920416666666
2023-09-23,8022.18,11443.74,9745.878333333334
2023-09-24,7782.13,11508.94,9560.486666666666
2023-09-25,7905.75,12582.52,10396.511666666667
2023-09-26,8242.34,12343.88,10385.404583333333
2023-09-27,8181.2,12230.6,10248.615833333333
2023-09-28,8238.53,12197.99,10309.614166666666
2023-09-29,8383.81,13914.67,11040.842499999999
2023-09-30,8620.99,14011.66,11060.945
2023-10-01,8325.51,13363.94,10619.527916666666
2023-10-02,8378.4,14075.76,11119.436249999999
2023-10-03,8632.64,13238.29,10989.242499999998
2023-10-04,8577.960000000001,11235.31,10095.663333333332
2023-10-05,8044.28,10972.3,9650.811666666666
2023-10-06,7640.7,9631.48,8852.207083333333
2023-10-07,7370.35,8755.84,8118.762916666667
2023-10-08,7267.97,9097.12,8115.002083333333
2023-10-09,7304.5,9629.98,8803.065
2023-10-10,7736.0,9744.65,9029.966666666667
2023-10-11,7670.86,10076.77,9168.727916666667
2023-10-12,7688.34,10364.43,9317.687916666668
2023-10-13,7909.19,9991.39,9121.93375
2023-10-14,7407.42,8747.53,8244.832916666666
2023-10-15,7240.55,9074.16,8140.37125
2023-10-16,7749.72,9818.61,9073.284583333334
2023-10-17,8044.05,10048.92,9252.849166666667
2023-10-18,7987.3200000000015,9939.08,9249.25875
2023-10-19,7680.31,9742.73,9066.312916666668
2023-10-20,7807.51,9633.97,9008.509583333333
2023-10-21,7703.29,8983.130000000001,8429.240833333331
2023-10-22,7276.73,9196.26,8207.97
2023-10-23,7567.52,10234.2,9168.777916666666
2023-10-24,7819.32,10364.23,9370.999166666666
2023-10-25,7626.76,10250.68,9292.171666666667
2023-10-26,7838.85,10311.83,9414.755833333335
2023-10-27,7941.36,10578.05,9434.485833333334
2023-10-28,7740.51,9699.91,8852.540416666667
2023-10-29,8086.54,10187.9,9164.582916666668
2023-10-30,8705.81,11217.32,10270.166666666666
2023-10-31,9701.52,11937.51,10823.36875
2023-11-01,9705.81,12004.6,10595.287916666666
2023-11-02,9036.35,11415.86,10010.828749999999
2023-11-03,8380.94,10561.97,9488.115833333335
2023-11-04,7926.06,9138.83,8568.13125
2023-11-05,7829.92,9437.31,8597.13125
2023-11-06,7672.29,10157.71,9149.501666666665
2023-11-07,7867.33,10311.2,9286.570416666667
2023-11-08,7862.32,10717.03,9513.865416666666
2023-11-09,7938.41,10216.56,9262.104166666666
2023-11-10,8248.27,10176.92,9370.109583333333
2023-11-11,8742.18,9775.5,9219.11875
2023-11-12,8244.51,9354.23,8673.395
2023-11-13,8014.54,10194.59,9331.352916666667
2023-11-14,8579.93,10727.08,9667.472916666668
2023-11-15,8488.74,10303.46,9445.571249999999
2023-11-16,8374.12,10203.71,9482.503333333332
2023-11-17,8023.14,9812.96,9173.649166666668
2023-11-18,8533.85,9646.5,9006.126250000001
2023-11-19,8315.7,9676.45,8877.142916666666
2023-11-20,8027.45,10605.08,9581.768750000001
2023-11-21,8455.85,10977.7,10076.194166666666
2023-11-22,8875.9,10823.29,10019.74375
2023-11-23,8520.68,9714.54,9144.590416666666
2023-11-24,8703.5,10398.64,9590.509583333333
2023-11-25,9049.68,10336.77,9685.129583333333
2023-11-26,8772.02,11376.9,10061.555833333334
2023-11-27,9664.47,11997.51,11044.487083333333
2023-11-28,10216.07,12447.59,11419.2125
2023-11-29,9919.92,11794.21,10688.18
2023-11-30,9385.5,11185.74,10428.590833333334
2023-12-01,9262.96,10911.14,10239.218333333332
2023-12-02,8881.53,10532.96,9806.326666666666
2023-12-03,8700.33,10509.48,9534.620833333334
2023-12-04,8952.79,11517.7,10480.71125
2023-12-05,9446.89,11636.31,10729.69375
2023-12-06,9683.89,11921.01,10715.608333333334
2023-12-07,9273.01,11209.46,10089.679583333333
2023-12-08,8706.06,10526.63,9695.60875
2023-12-09,8247.1,10552.88,9463.613749999999
2023-12-10,9041.39,10852.18,9812.662916666666
2023-12-11,9564.0,11878.36,10649.803333333333
2023-12-12,9808.18,11817.1,10686.155833333332
2023-12-13,9621.1,11651.01,10583.41375
2023-12-14,9855.25,11844.21,10506.287083333335
2023-12-15,9128.45,10859.77,9985.7025
2023-12-16,8336.24,10169.4,9402.060416666667
2023-12-17,8501.02,10851.46,9651.558333333332
2023-12-18,9415.74,12222.03,11087.110833333334
2023-12-19,10711.36,12787.83,11410.18875
2023-12-20,9886.87,11647.99,10613.055416666668
2023-12-21,9087.98,10978.27,10106.548333333334
2023-12-22,8470.8,10336.55,9562.276666666667
2023-12-23,7873.92,9532.85,8768.942916666667
2023-12-24,7817.6,8897.25,8434.979166666666
2023-12-25,7311.79,9296.53,8385.954583333332
2023-12-26,8344.25,10705.38,9676.585833333333
2023-12-27,8824.34,11454.73,10342.309583333334
2023-12-28,9226.06,11490.26,10490.201666666666
2023-12-29,9412.86,11204.45,10459.215833333334
2023-12-30,9356.97,10409.82,9866.894583333333
2023-12-31,9117.83,10864.88,9991.697916666666
2024-01-01,9274.91,11243.5,10182.72875
2024-01-02,9666.63,11649.92,10822.927083333334
2024-01-03,9852.57,11851.62,11016.642083333332
2024-01-04,9905.24,11823.66,10964.294166666665
2024-01-05,10080.04,11962.24,11081.518750000001
2024-01-06,9463.82,11052.41,10336.953333333333
2024-01-07,9362.94,11308.08,10309.972083333334
2024-01-08,9887.36,12255.37,11329.688750000001
2024-01-09,9844.62,12381.87,11227.459166666667
2024-01-10,10275.34,12270.37,11307.542500000001
2024-01-11,10114.21,11992.37,11113.788333333336
2024-01-12,10094.3,13233.53,11681.663750000002
2024-01-13,11732.57,13936.69,12799.991666666667
2024-01-14,13178.35,14946.91,14056.045
2024-01-15,13302.25,15287.29,14430.720833333333
2024-01-16,13453.39,15161.95,14229.025833333333
2024-01-17,12034.75,14446.56,13122.105000000001
2024-01-18,11133.7,12874.0,12088.312916666668
2024-01-19,11727.61,14432.81,13383.029999999999
2024-01-20,12496.19,14214.01,13362.164583333333
2024-01-21,11924.25,13485.25,12841.229166666666
2024-01-22,11049.19,12490.76,11861.696249999999
2024-01-23,10147.98,11981.11,11155.681666666665
2024-01-24,9599.38,11555.41,10782.455833333333
2024-01-25,9525.13,11599.91,10838.786666666667
2024-01-26,9473.96,11410.25,10602.43875
2024-01-27,9221.57,11011.51,10269.43875
2024-01-28,9391.88,11194.76,10349.474166666667
2024-01-29,9813.71,12101.34,10703.520833333334
2024-01-30,9420.68,11415.13,10676.875833333334
2024-01-31,9619.66,11716.7,10349.077083333334
2024-02-01,9262.82,11232.92,10021.812083333332
2024-02-02,8867.050000000001,11057.64,10275.129583333333
2024-02-03,9222.53,10379.34,9675.192916666667
2024-02-04,8718.85,10227.55,9390.950833333334
2024-02-05,9051.88,11456.07,10147.248333333335
2024-02-06,9633.95,12008.68,10396.357916666666
2024-02-07,9380.4,11422.52,10323.575416666667
2024-02-08,8993.36,10821.47,9848.469166666668
2024-02-09,8538.83,10436.08,9544.60875
2024-02-10,8457.61,10131.04,9388.862916666667
2024-02-11,9088.09,10093.79,9627.558333333332
2024-02-12,9226.54,11304.16,10330.163333333332
2024-02-13,9586.54,11505.77,10165.979583333332
2024-02-14,9098.7,11222.09,9908.171250000001
2024-02-15,8913.17,10718.78,9922.3175
2024-02-16,9390.69,12356.84,11124.652916666668
2024-02-17,10637.34,11793.89,11193.502083333335
2024-02-18,9202.99,10922.56,10222.820833333333
2024-02-19,9675.75,11854.41,10345.2175
2024-02-20,8950.18,11099.16,9709.727083333333
2024-02-21,8352.960000000001,10614.18,9394.4275
2024-02-22,8032.22,9869.33,9184.884166666667
2024-02-23,8457.380000000001,10644.38,9508.461666666668
2024-02-24,8481.43,9980.86,9259.590833333334
2024-02-25,8240.32,9240.85,8741.52625
2024-02-26,8123.5700000000015,10449.42,9292.813333333334
2024-02-27,7833.02,10550.14,9401.465000000002
2024-02-28,9031.58,11789.1,10620.805833333334
2024-02-29,9988.49,12179.64,10736.101666666667
2024-03-01,9429.49,11276.15,10200.260833333334
2024-03-02,8462.61,9594.44,8970.887916666667
2024-03-03,7825.97,9104.59,8411.077083333334
2024-03-04,7477.83,10192.55,9164.931666666665
2024-03-05,8086.0700000000015,9909.11,9212.600833333332
2024-03-06,8292.460000000001,10153.72,9329.839583333334
2024-03-07,8253.73,10297.18,9576.500416666668
2024-03-08,8404.17,10454.56,9644.710833333333
2024-03-09,8524.33,9492.62,9008.7775
2024-03-10,8376.210000000001,9659.37,8988.459583333335
2024-03-11,8450.91,10729.47,9400.220416666665
2024-03-12,8021.95,9823.06,8965.207499999999
2024-03-13,7572.01,9483.46,8825.395
2024-03-14,7672.89,9855.39,9041.849583333333
2024-03-15,7858.84,9617.7,8787.511250000001
2024-03-16,8106.26,8998.36,8522.8975
2024-03-17,7824.39,10094.09,8978.900833333333
2024-03-18,9263.89,11586.54,10321.092083333333
2024-03-19,8526.960000000001,11598.84,9841.890833333333
2024-03-20,8296.16,10609.65,9425.467083333335
2024-03-21,8774.26,10968.2,9739.961666666668
2024-03-22,8729.82,10662.24,9746.454166666666
2024-03-23,8730.0,9944.14,9181.155
2024-03-24,8436.79,9685.74,9139.039583333333
2024-03-25,8080.55,10030.0,9306.54
2024-03-26,8232.77,11087.9,10139.274166666668
2024-03-27,9117.75,11150.87,9826.068333333335
2024-03-28,8544.94,10924.53,9448.761250000001
2024-03-29,7791.73,9766.7,8800.189583333335
2024-03-30,7395.99,8677.83,8105.255
2024-03-31,7188.41,9207.28,8202.87375
2024-04-01,7709.16,10595.02,9521.85125
2024-04-02,8355.08,10395.45,9634.329166666666
2024-04-03,8780.42,10980.19,10097.767916666666
2024-04-04,8923.460000000001,10906.94,9865.240833333331
2024-04-05,8825.53,10685.6,9394.92
2024-04-06,8370.68,9499.01,8826.585416666667
2024-04-07,7931.2,9057.13,8528.45875
2024-04-08,7674.76,9479.75,8890.461666666668
2024-04-09,7645.28,9412.3,8819.27875
2024-04-10,7606.3,9518.45,8924.287916666668
2024-04-11,7840.57,9803.14,9065.782083333334
2024-04-12,8027.59,9706.03,8836.275416666665
2024-04-13,7635.37,9292.34,8514.525
2024-04-14,7129.06,10616.4,8721.730416666667
2024-04-15,7631.23,11626.8,9803.19625
2024-04-16,8187.45,11075.37,9713.278333333334
2024-04-17,7944.48,10330.79,9388.245833333332
2024-04-18,7768.67,10517.78,9301.800833333333
2024-04-19,7706.8,9543.58,8813.501666666665
2024-04-20,7821.89,8932.9,8403.442083333333
2024-04-21,7928.42,8734.32,8197.685
2024-04-22,7909.91,9931.04,9019.974583333335
2024-04-23,7510.79,9648.49,8853.420833333332
2024-04-24,7626.52,9351.36,8747.418333333333
2024-04-25,7790.99,9637.33,8946.667916666667
2024-04-26,7831.0,9930.39,9006.917083333334
2024-04-27,7445.37,9092.88,8331.01625
2024-04-28,7348.87,9247.01,8357.760416666666
2024-04-29,7357.3,9885.08,9002.28625
2024-04-30,7558.88,10707.96,9332.51375
2024-05-01,7745.23,10401.44,9338.199583333333
2024-05-02,7815.08,10828.41,9505.554583333333
2024-05-03,7895.1,10089.61,9149.1825
2024-05-04,7494.11,9884.14,8694.432916666667
2024-05-05,7132.88,9079.4,8123.874166666666
2024-05-06,7522.79,10687.42,9395.238333333333
2024-05-07,8004.91,11353.85,9805.5175
2024-05-08,7640.96,10305.37,9256.18875
2024-05-09,7640.03,10292.54,9250.2325
2024-05-10,7523.26,9935.13,8948.629583333333
2024-05-11,7201.49,9545.69,8331.689583333333
2024-05-12,7234.4,10412.7,8728.835833333333
2024-05-13,7620.66,10474.7,9378.745416666667
2024-05-14,7894.68,10172.14,9345.03125
2024-05-15,7678.07,10773.46,9374.28
2024-05-16,7796.84,10510.1,9444.737500000001
2024-05-17,8279.23,11510.18,10055.245833333334
2024-05-18,7945.38,12347.66,10102.402083333332
2024-05-19,7627.56,12182.09,9908.122916666667
2024-05-20,8189.04,13136.62,10858.255416666667
2024-05-21,8814.89,13293.46,11130.044583333334
2024-05-22,8398.97,11013.17,9859.158333333333
2024-05-23,7994.98,12374.82,10292.027499999998
2024-05-24,8600.34,11845.87,10278.858333333334
2024-05-25,7657.74,10729.24,9093.510416666666
2024-05-26,7550.61,10465.22,8837.704583333334
2024-05-27,7209.33,10627.5,8799.807916666667
2024-05-28,7389.46,11214.98,9561.094166666668
2024-05-29,7706.4,11342.16,9695.468333333332
2024-05-30,8058.24,11956.1,10129.541666666666
2024-05-31,7991.89,11435.26,9816.74375
2024-06-01,7862.33,10583.54,9242.52625
2024-06-02,7552.08,12098.21,9766.122083333334
2024-06-03,8405.14,13878.91,11256.923333333332
2024-06-04,8918.04,13313.75,11240.404999999999
2024-06-05,8524.62,13004.49,10754.551666666666
2024-06-06,8395.66,12487.93,10494.723333333333
2024-06-07,7831.31,12638.2,10313.949583333333
2024-06-08,8153.4,11640.89,9870.3475
2024-06-09,7541.95,11327.26,9230.615833333333
2024-06-10,7626.13,11654.91,9817.820416666667
2024-06-11,8009.15,12826.76,10399.162083333335
2024-06-12,8372.94,14408.81,11643.846666666666
2024-06-13,9130.92,15137.39,12360.613749999999
2024-06-14,9323.78,14380.6,11898.53625
2024-06-15,8345.5,13312.94,10757.60125
2024-06-16,8891.08,14601.71,11905.109166666667
2024-06-17,10151.36,15846.79,13226.530416666666
2024-06-18,10507.17,15087.02,12975.180416666664
2024-06-19,9619.22,13919.37,11968.230833333335
2024-06-20,9285.62,14935.03,12301.505416666667
2024-06-21,9663.01,15679.92,12907.499583333332
2024-06-22,9884.81,14626.53,12319.256666666668
2024-06-23,9312.63,14591.93,11892.819166666668
2024-06-24,9462.61,16969.7,13440.065
2024-06-25,11361.21,17237.98,14003.123333333331
2024-06-26,9730.14,14057.38,11846.108333333332
2024-06-27,8832.86,13891.39,11601.7875
2024-06-28,9419.87,12846.98,11383.357083333334
2024-06-29,9305.54,13648.5,11292.288750000002
2024-06-30,8213.61,11887.53,9922.5
2024-07-01,8188.26,11277.32,9996.85
2024-07-02,8276.01,13906.59,11160.760416666666
2024-07-03,9410.57,13936.16,11686.453333333333
2024-07-04,8870.64,13367.82,10880.68125
2024-07-05,8555.710000000001,12376.24,10516.5525
2024-07-06,7931.71,12907.2,10348.394583333333
2024-07-07,8084.68,13004.02,10483.96125
2024-07-08,8556.37,13844.25,11207.813750000001
2024-07-09,8933.380000000001,12284.82,10913.6775
2024-07-10,8655.09,13871.43,11417.521666666667
2024-07-11,8726.78,14301.84,11654.225833333332
2024-07-12,9240.97,14852.58,12136.508749999999
2024-07-13,9343.82,15062.35,12240.049583333333
2024-07-14,9669.87,15645.38,12606.895416666666
2024-07-15,10258.84,16894.85,13619.696666666665
2024-07-16,10299.1,12702.77,11707.450000000003
2024-07-17,8910.59,13582.93,11351.68
2024-07-18,8465.78,12735.13,10715.3025
2024-07-19,8396.0,12441.87,10457.205416666666
2024-07-20,8044.08,11310.45,9706.517083333334
2024-07-21,7990.52,12069.29,9988.02875
2024-07-22,8407.75,13657.18,11215.986666666666
2024-07-23,8718.14,14150.45,11625.225
2024-07-24,9062.21,14689.69,11987.540833333333
2024-07-25,9183.67,14428.27,11997.551249999999
2024-07-26,9340.81,14611.13,11988.641666666668
2024-07-27,9027.95,12943.77,11040.019166666667
2024-07-28,8858.82,13560.6,11188.275416666665
2024-07-29,9249.31,15956.82,12598.765416666667
2024-07-30,10136.95,15072.59,12656.00583333333
2024-07-31,9716.68,16030.390000000005,12989.942083333333
2024-08-01,10164.4,15615.57,12851.802916666667
2024-08-02,9650.95,14623.64,12262.714583333334
2024-08-03,9059.91,14912.92,11958.56875
2024-08-04,9206.27,15496.92,12306.102916666665
2024-08-05,10298.72,16863.6,13727.79
2024-08-06,9983.24,13673.35,11877.223333333333
2024-08-07,8729.32,12621.69,10772.6225
2024-08-08,8783.33,13015.44,11000.389166666666
2024-08-09,8513.37,11386.62,9984.138333333334
2024-08-10,7553.72,10631.76,9040.610833333334
2024-08-11,7571.82,11463.22,9500.604166666666
2024-08-12,8370.98,11230.5,10070.605833333333
2024-08-13,8381.45,12230.82,10509.7525
2024-08-14,8762.24,12279.39,10830.894166666667
2024-08-15,9097.42,14708.99,11891.483333333335
2024-08-16,9411.56,14886.1,12168.488749999999
2024-08-17,8972.86,13195.72,11006.848333333333
2024-08-18,8238.59,13121.0,10575.839583333334
2024-08-19,8445.64,13408.25,11057.885833333334
2024-08-20,8348.52,12042.65,10408.802083333334
2024-08-21,8165.3,11863.03,10109.759583333334
2024-08-22,8085.76,12099.85,10129.049583333333
2024-08-23,8151.22,13363.47,10688.137499999999
2024-08-24,8699.11,13826.26,11256.0925
2024-08-25,9103.5,15674.56,12222.120833333334
2024-08-26,10149.02,17024.91,13781.73625
2024-08-27,10882.57,16881.6,13938.876666666665
2024-08-28,10383.26,15790.98,13022.2875
2024-08-29,10193.89,16496.12,13401.33875
2024-08-30,9957.79,14184.54,11982.58875
2024-08-31,8727.92,12694.76,10511.895833333334
2024-09-01,8227.130000000001,11876.32,9908.975416666666
2024-09-02,7503.74,11322.64,9169.113333333333
2024-09-03,7811.03,11742.07,9872.177083333334
2024-09-04,8221.630000000001,13348.92,10679.0475
2024-09-05,8773.98,13889.27,11387.186666666666
2024-09-06,8632.26,11629.77,10232.354166666666
2024-09-07,7591.72,9726.43,8553.2125
2024-09-08,7294.05,9835.32,8408.714166666667
2024-09-09,7437.84,11426.92,9450.09125
2024-09-10,7875.3200000000015,11832.84,9843.422083333333
2024-09-11,7979.41,13134.16,10472.95125
2024-09-12,8411.8,12504.38,10544.674166666666
2024-09-13,8396.47,11319.45,10091.625416666668
2024-09-14,8146.19,12465.85,10247.730833333333
2024-09-15,8257.98,12601.45,10457.13875
2024-09-16,8617.57,13776.09,11266.169166666667
2024-09-17,8795.960000000001,14172.6,11390.299166666666
2024-09-18,8611.4,14150.99,11290.529583333335
2024-09-19,8817.76,14648.32,11704.079166666668
2024-09-20,9096.52,15027.58,11978.582499999999
2024-09-21,9082.32,13346.63,11167.483333333332
2024-09-22,8490.07,10660.06,9582.520416666666
2024-09-23,7829.33,10573.36,9502.844166666668
2024-09-24,7987.59,10492.07,9528.181666666665
2024-09-25,7715.63,11178.2,9573.501666666667
2024-09-26,7873.19,11473.55,9784.249583333332
2024-09-27,7911.98,10379.4,9330.034166666666
2024-09-28,7594.62,10805.32,9085.615833333333
2024-09-29,7570.5,11338.8,9329.431666666665
2024-09-30,8248.55,12746.57,10602.129583333333
2024-10-01,8311.0,10425.7,9493.099166666667
2024-10-02,7802.84,10402.27,9287.912916666666
2024-10-03,7713.54,11311.2,9588.604166666666
2024-10-04,8041.5,11265.51,9686.043749999999
2024-10-05,7849.54,12342.88,9829.749166666666
2024-10-06,7879.22,10310.23,9023.147916666667
2024-10-07,7398.95,10167.78,9019.723333333333
2024-10-08,7623.1,10181.93,9131.350416666666
2024-10-09,7747.41,10861.85,9413.525833333333
2024-10-10,7774.98,11125.48,9599.481666666667
2024-10-11,8012.4,11551.45,9738.436666666666
2024-10-12,7656.4,10874.98,9121.170833333334
2024-10-13,7611.62,9537.42,8625.42125
2024-10-14,7377.9,9710.74,8899.064166666667
2024-10-15,7941.73,9868.32,9147.813333333334
2024-10-16,8433.36,10409.43,9533.449166666667
2024-10-17,8528.02,10518.77,9623.496250000002
2024-10-18,8342.75,10254.94,9404.291666666666
2024-10-19,7792.59,9194.87,8568.69
2024-10-20,7643.09,9841.38,8689.22375
2024-10-21,7758.33,10620.89,9386.167500000001
2024-10-22,7862.93,10468.99,9343.065
2024-10-23,7808.16,9843.88,9066.151666666667
2024-10-24,7936.99,9863.98,9177.413333333332
2024-10-25,7891.41,9561.85,8929.596666666666
2024-10-26,7551.01,9017.88,8405.22125
2024-10-27,7849.51,9292.16,8499.40375
2024-10-28,7823.7,10343.77,9417.9425
2024-10-29,8122.08,11336.28,10054.298333333334
2024-10-30,8456.48,11026.92,9983.30875
2024-10-31,8224.35,10017.04,9227.722500000002
2024-11-01,8051.9,9984.08,9089.07
2024-11-02,8075.95,9146.21,8591.320833333333
2024-11-03,7479.19,9452.88,8480.542083333334
2024-11-04,7655.34,10219.38,9216.315
2024-11-05,7902.53,10017.19,9238.51125
2024-11-06,7982.86,10027.65,9228.658333333333
2024-11-07,8234.39,10082.26,9374.828333333333
2024-11-08,8445.32,9986.17,9267.557083333335
2024-11-09,7982.87,9629.15,8881.231666666667
2024-11-10,7539.9,9326.79,8382.351666666667
2024-11-11,7886.55,10038.21,9199.241666666667
2024-11-12,8587.31,10554.04,9726.071249999999
2024-11-13,8629.99,10516.59,9798.551666666666
2024-11-14,8330.72,10316.68,9615.994583333333
2024-11-15,8724.25,10467.86,9524.137916666668
2024-11-16,8471.31,9719.38,9092.917916666665
2024-11-17,7920.08,9598.52,8660.346666666666
2024-11-18,7781.34,10457.11,9407.456250000001
2024-11-19,8018.34,10110.15,9335.125833333334
2024-11-20,8403.01,11129.16,9963.216666666667
2024-11-21,9348.38,11565.97,10672.98375
2024-11-22,9281.73,11142.46,10375.861666666666
2024-11-23,8992.210000000001,10072.22,9491.489583333334
2024-11-24,8605.84,9614.12,8993.111666666666
2024-11-25,8199.23,11224.8,9978.106249999999
2024-11-26,9682.61,11708.51,10563.056666666667
2024-11-27,9107.44,11012.49,10246.598333333333
2024-11-28,9210.5,10973.61,10152.67125
2024-11-29,9837.66,11384.89,10672.240416666667
2024-11-30,10128.53,11588.56,10866.202916666667
2024-12-01,10081.6,11886.32,10852.219166666668
2024-12-02,10361.8,13020.17,11958.15
2024-12-03,10997.4,13008.12,11914.01
2024-12-04,10436.66,12005.54,11196.035000000002
2024-12-05,10936.25,13303.82,12271.02125
2024-12-06,10952.39,13208.17,11747.412916666668
2024-12-07,9378.88,11171.98,10202.24625
2024-12-08,8713.380000000001,10226.5,9308.6225
2024-12-09,8571.960000000001,11239.18,10090.229166666666
2024-12-10,9406.49,11903.06,10867.360416666668
2024-12-11,10181.94,12940.21,11737.659999999998
2024-12-12,11264.46,13379.56,12380.647083333335
2024-12-13,11351.95,13469.78,12354.65
2024-12-14,10045.52,11594.87,10879.725833333332
2024-12-15,9162.98,10924.04,9923.305416666668
2024-12-16,8727.26,11162.39,10205.077083333332
2024-12-17,9510.63,11653.62,10579.675000000001
2024-12-18,9225.06,11900.83,10811.429583333333
2024-12-19,10464.47,12489.6,11405.719166666668
2024-12-20,10526.83,12683.85,11830.653333333334
2024-12-21,10484.94,11693.74,11090.625
2024-12-22,10185.86,11333.82,10787.827916666667
2024-12-23,9540.08,11076.31,10415.241250000001
2024-12-24,9025.41,10672.06,9964.445
2024-12-25,8797.41,10043.42,9520.987500000001
2024-12-26,8540.27,10736.17,9850.252916666666
2024-12-27,8573.67,10444.92,9703.474583333335
2024-12-28,8417.04,9873.57,9162.773333333333
2024-12-29,8215.380000000001,10121.25,9182.115416666667
2024-12-30,8672.7,10804.53,9974.035416666668
